기간,컬럼1,컬럼2,계,남자,여자,계,남자,여자
2008,합계,합계,"10,456,034","5,184,732","5,271,302","890,052","379,518","510,534"
2008,종로구,소계,"179,754","89,725","90,029","19,921","8,669","11,252"
2008,종로구,사직동,"10,451","4,941","5,510","1,354",589,765
2008,종로구,삼청동,"3,801","1,850","1,951",581,239,342
2008,종로구,부암동,"11,933","5,904","6,029","1,429",646,783
2008,종로구,평창동,"19,757","9,620","10,137","2,276",973,"1,303"
2008,종로구,무악동,"8,693","4,224","4,469",883,376,507
2008,종로구,교남동,"9,407","4,595","4,812","1,095",485,610
2008,종로구,가회동,"6,044","2,910","3,134",794,331,463
2008,종로구,종로1.2.3.4가동,"8,645","4,852","3,793","1,205",589,616
2008,종로구,종로5·6가동,"6,839","3,613","3,226",832,376,456
2008,종로구,이화동,"10,495","5,074","5,421",931,377,554
2008,종로구,혜화동,"13,087","6,383","6,704","1,260",543,717
2008,종로구,명륜3가동,"7,434","4,013","3,421",780,337,443
2008,종로구,창신1동,"8,570","4,371","4,199",794,350,444
2008,종로구,창신2동,"12,344","6,257","6,087","1,238",526,712
2008,종로구,창신3동,"8,739","4,409","4,330",798,339,459
2008,종로구,숭인1동,"7,965","3,941","4,024",732,309,423
2008,종로구,숭인2동,"8,880","4,592","4,288","1,064",498,566
2008,종로구,청운효자동,"16,670","8,176","8,494","1,875",786,"1,089"
2008,중구,소계,"138,811","69,284","69,527","15,127","6,283","8,844"
2008,중구,소공동,"1,730",930,800,117,45,72
2008,중구,회현동,"5,271","2,916","2,355",721,304,417
2008,중구,명동,"3,427","1,602","1,825",447,157,290
2008,중구,필동,"5,084","2,664","2,420",605,246,359
2008,중구,장충동,"6,281","3,113","3,168",655,283,372
2008,중구,광희동,"6,023","3,198","2,825",697,303,394
2008,중구,을지로동,"1,963","1,161",802,321,161,160
2008,중구,신당1동,"10,376","5,209","5,167",900,374,526
2008,중구,신당2동,"17,277","8,505","8,772","1,752",744,"1,008"
2008,중구,신당3동,"20,277","9,809","10,468","2,294",939,"1,355"
2008,중구,신당4동,"16,607","8,014","8,593","1,786",720,"1,066"
2008,중구,신당5동,"8,725","4,375","4,350","1,006",406,600
2008,중구,신당6동,"10,305","5,071","5,234","1,045",426,619
2008,중구,황학동,"12,270","6,193","6,077","1,208",501,707
2008,중구,중림동,"13,195","6,524","6,671","1,573",674,899
2008,용산구,소계,"251,043","123,551","127,492","26,850","11,282","15,568"
2008,용산구,후암동,"20,808","10,365","10,443","2,154",858,"1,296"
2008,용산구,용산2가동,"14,185","7,105","7,080","1,547",621,926
2008,용산구,남영동,"7,988","4,557","3,431",932,492,440
2008,용산구,원효로2동,"16,491","7,907","8,584","1,627",632,995
2008,용산구,효창동,"10,835","5,347","5,488","1,163",497,666
2008,용산구,용문동,"12,846","6,331","6,515","1,294",556,738
2008,용산구,이촌1동,"28,897","13,767","15,130","2,926","1,249","1,677"
2008,용산구,이촌2동,"10,601","5,077","5,524","1,249",491,758
2008,용산구,이태원1동,"10,358","5,093","5,265","1,178",476,702
2008,용산구,이태원2동,"11,637","5,540","6,097","1,549",628,921
2008,용산구,서빙고동,"11,875","5,785","6,090","1,585",671,914
2008,용산구,보광동,"19,454","9,512","9,942","2,058",861,"1,197"
2008,용산구,청파동,"24,268","11,802","12,466","2,300",962,"1,338"
2008,용산구,원효로1동,"10,538","5,304","5,234","1,038",447,591
2008,용산구,한강로동,"15,377","7,759","7,618","1,784",815,969
2008,용산구,한남동,"24,885","12,300","12,585","2,466","1,026","1,440"
2008,성동구,소계,"322,679","161,744","160,935","29,282","12,391","16,891"
2008,성동구,왕십리2동,"19,128","9,487","9,641","1,741",734,"1,007"
2008,성동구,마장동,"26,587","13,394","13,193","2,437",998,"1,439"
2008,성동구,사근동,"12,014","6,442","5,572","1,086",495,591
2008,성동구,행당1동,"18,438","9,082","9,356","1,790",733,"1,057"
2008,성동구,행당2동,"25,406","12,277","13,129","2,113",856,"1,257"
2008,성동구,응봉동,"17,785","8,534","9,251","1,661",720,941
2008,성동구,금호1가동,"17,706","8,626","9,080","1,716",684,"1,032"
2008,성동구,금호4가동,"15,846","7,843","8,003","1,466",605,861
2008,성동구,성수1가1동,"19,368","9,950","9,418","1,372",595,777
2008,성동구,성수1가2동,"19,703","9,968","9,735","1,502",645,857
2008,성동구,성수2가1동,"21,151","10,962","10,189","1,648",704,944
2008,성동구,성수2가3동,"12,427","6,381","6,046","1,087",492,595
2008,성동구,송정동,"12,470","6,600","5,870",992,426,566
2008,성동구,용답동,"18,218","9,390","8,828","1,612",719,893
2008,성동구,왕십리도선동,"15,790","7,986","7,804","1,680",732,948
2008,성동구,금호2.3가동,"23,827","11,643","12,184","2,524","1,052","1,472"
2008,성동구,옥수동,"26,815","13,179","13,636","2,855","1,201","1,654"
2008,광진구,소계,"387,254","191,676","195,578","28,360","12,339","16,021"
2008,광진구,화양동,"23,695","11,656","12,039","1,601",712,889
2008,광진구,군자동,"22,500","11,308","11,192","1,808",800,"1,008"
2008,광진구,중곡1동,"17,728","8,738","8,990","1,361",604,757
2008,광진구,중곡2동,"23,061","11,337","11,724","1,704",755,949
2008,광진구,중곡3동,"20,223","10,158","10,065","1,553",700,853
2008,광진구,중곡4동,"32,503","16,147","16,356","2,528","1,104","1,424"
2008,광진구,능동,"10,978","5,336","5,642",912,404,508
2008,광진구,구의1동,"24,356","11,810","12,546","1,813",837,976
2008,광진구,구의2동,"26,785","13,298","13,487","2,280",978,"1,302"
2008,광진구,구의3동,"30,122","14,667","15,455","2,183",925,"1,258"
2008,광진구,광장동,"36,464","17,772","18,692","2,316",950,"1,366"
2008,광진구,자양1동,"26,456","13,097","13,359","1,996",874,"1,122"
2008,광진구,자양2동,"29,398","14,812","14,586","2,061",912,"1,149"
2008,광진구,자양3동,"32,199","16,002","16,197","1,886",762,"1,124"
2008,광진구,자양4동,"30,786","15,538","15,248","2,358","1,022","1,336"
2008,동대문구,소계,"381,663","191,888","189,775","38,272","16,735","21,537"
2008,동대문구,신설동,"9,674","4,982","4,692","1,048",479,569
2008,동대문구,제기1동,"13,896","7,057","6,839","1,815",817,998
2008,동대문구,제기2동,"16,509","8,391","8,118","1,956",851,"1,105"
2008,동대문구,전농1동,"11,673","5,940","5,733","1,364",596,768
2008,동대문구,전농3동,"19,561","9,687","9,874","2,029",897,"1,132"
2008,동대문구,답십리1동,"11,587","5,789","5,798","1,051",435,616
2008,동대문구,답십리2동,"15,755","7,837","7,918","1,553",673,880
2008,동대문구,답십리4동,"15,671","7,798","7,873","1,446",616,830
2008,동대문구,장안1동,"19,129","9,708","9,421","1,656",748,908
2008,동대문구,장안2동,"17,943","9,134","8,809","1,185",509,676
2008,동대문구,장안3동,"18,132","9,016","9,116","1,398",625,773
2008,동대문구,장안4동,"15,074","7,562","7,512","1,456",639,817
2008,동대문구,회기동,"12,024","5,872","6,152","1,081",462,619
2008,동대문구,휘경1동,"18,531","9,219","9,312","1,697",745,952
2008,동대문구,휘경2동,"24,926","12,251","12,675","2,141",956,"1,185"
2008,동대문구,이문1동,"15,771","7,843","7,928","1,384",576,808
2008,동대문구,이문2동,"19,898","9,961","9,937","1,823",782,"1,041"
2008,동대문구,이문3동,"24,392","12,118","12,274","2,095",896,"1,199"
2008,동대문구,용두동,"20,226","10,556","9,670","2,548","1,137","1,411"
2008,동대문구,전농2동,"19,356","10,057","9,299","2,268","1,017","1,251"
2008,동대문구,답십리3동,"15,712","7,975","7,737","1,761",766,995
2008,동대문구,청량리동,"26,223","13,135","13,088","3,517","1,513","2,004"
2008,중랑구,소계,"432,845","216,344","216,501","37,032","15,840","21,192"
2008,중랑구,면목2동,"28,980","14,625","14,355","2,387","1,006","1,381"
2008,중랑구,면목4동,"24,060","11,724","12,336","2,031",887,"1,144"
2008,중랑구,면목5동,"15,054","7,650","7,404","1,360",606,754
2008,중랑구,면목7동,"26,961","13,467","13,494","2,321",995,"1,326"
2008,중랑구,상봉1동,"26,799","13,297","13,502","2,056",828,"1,228"
2008,중랑구,상봉2동,"19,185","9,718","9,467","1,732",771,961
2008,중랑구,중화1동,"22,688","11,300","11,388","1,733",759,974
2008,중랑구,중화2동,"32,887","16,765","16,122","3,055","1,340","1,715"
2008,중랑구,묵1동,"35,031","17,311","17,720","3,037","1,342","1,695"
2008,중랑구,묵2동,"20,495","10,350","10,145","1,840",797,"1,043"
2008,중랑구,망우3동,"20,457","10,320","10,137","1,721",741,980
2008,중랑구,신내1동,"29,110","14,495","14,615","2,439","1,000","1,439"
2008,중랑구,신내2동,"26,400","12,945","13,455","2,151",882,"1,269"
2008,중랑구,면목본동,"38,781","19,289","19,492","3,220","1,398","1,822"
2008,중랑구,면목3.8동,"30,908","15,537","15,371","2,761","1,175","1,586"
2008,중랑구,망우본동,"35,049","17,551","17,498","3,188","1,313","1,875"
2008,성북구,소계,"481,419","238,344","243,075","47,059","20,179","26,880"
2008,성북구,돈암1동,"18,036","8,741","9,295","1,760",718,"1,042"
2008,성북구,돈암2동,"24,842","12,103","12,739","2,216",907,"1,309"
2008,성북구,안암동,"18,854","9,635","9,219","1,607",673,934
2008,성북구,보문동,"17,735","8,838","8,897","1,781",749,"1,032"
2008,성북구,정능1동,"19,272","9,192","10,080","2,023",828,"1,195"
2008,성북구,정능2동,"24,725","12,296","12,429","2,498","1,104","1,394"
2008,성북구,정능3동,"19,240","9,633","9,607","2,203",934,"1,269"
2008,성북구,정능4동,"28,254","13,969","14,285","2,744","1,208","1,536"
2008,성북구,길음1동,"28,909","14,079","14,830","2,190",892,"1,298"
2008,성북구,길음2동,"21,122","10,342","10,780","2,166",891,"1,275"
2008,성북구,월곡1동,"28,117","13,987","14,130","2,547","1,123","1,424"
2008,성북구,월곡2동,"22,214","11,020","11,194","2,227",994,"1,233"
2008,성북구,장위1동,"28,276","14,085","14,191","2,557","1,106","1,451"
2008,성북구,장위2동,"24,677","12,468","12,209","2,494","1,109","1,385"
2008,성북구,장위3동,"19,272","9,906","9,366","2,080",930,"1,150"
2008,성북구,성북동,"20,045","9,719","10,326","2,448","1,082","1,366"
2008,성북구,삼선동,"27,430","13,445","13,985","2,797","1,158","1,639"
2008,성북구,동선동,"15,633","7,261","8,372","1,641",708,933
2008,성북구,종암동,"36,870","18,599","18,271","3,514","1,473","2,041"
2008,성북구,석관동,"37,896","19,026","18,870","3,566","1,592","1,974"
2008,강북구,소계,"345,754","171,180","174,574","36,533","16,131","20,402"
2008,강북구,번1동,"20,389","10,035","10,354","2,039",966,"1,073"
2008,강북구,번2동,"21,171","10,483","10,688","2,237","1,008","1,229"
2008,강북구,번3동,"22,334","10,813","11,521","2,579","1,146","1,433"
2008,강북구,수유1동,"23,852","11,995","11,857","2,551","1,119","1,432"
2008,강북구,수유2동,"23,620","11,644","11,976","2,836","1,259","1,577"
2008,강북구,수유3동,"24,437","12,118","12,319","2,721","1,220","1,501"
2008,강북구,삼양동,"33,821","16,915","16,906","3,243","1,383","1,860"
2008,강북구,미아동,"25,245","12,630","12,615","2,450","1,105","1,345"
2008,강북구,송중동,"36,753","17,935","18,818","3,695","1,664","2,031"
2008,강북구,송천동,"33,314","16,577","16,737","3,604","1,567","2,037"
2008,강북구,삼각산동,"24,635","12,182","12,453","1,933",766,"1,167"
2008,강북구,우이동,"21,864","11,001","10,863","2,694","1,201","1,493"
2008,강북구,인수동,"34,319","16,852","17,467","3,951","1,727","2,224"
2008,도봉구,소계,"376,698","186,476","190,222","34,674","14,856","19,818"
2008,도봉구,쌍문1동,"23,732","11,693","12,039","2,552","1,126","1,426"
2008,도봉구,쌍문2동,"21,781","10,745","11,036","2,044",888,"1,156"
2008,도봉구,쌍문3동,"19,091","9,374","9,717","1,874",846,"1,028"
2008,도봉구,쌍문4동,"22,231","10,818","11,413","1,764",659,"1,105"
2008,도봉구,방학1동,"33,448","16,693","16,755","2,759","1,191","1,568"
2008,도봉구,방학2동,"25,098","12,711","12,387","2,367","1,019","1,348"
2008,도봉구,방학3동,"33,088","16,340","16,748","2,747","1,077","1,670"
2008,도봉구,창1동,"29,892","14,610","15,282","2,675","1,113","1,562"
2008,도봉구,창2동,"31,937","15,772","16,165","2,657","1,173","1,484"
2008,도봉구,창3동,"16,805","8,489","8,316","1,532",641,891
2008,도봉구,창4동,"31,630","15,382","16,248","2,549","1,029","1,520"
2008,도봉구,창5동,"28,917","14,232","14,685","2,405","1,044","1,361"
2008,도봉구,도봉1동,"26,128","13,225","12,903","3,150","1,452","1,698"
2008,도봉구,도봉2동,"32,920","16,392","16,528","3,599","1,598","2,001"
2008,노원구,소계,"620,808","304,068","316,740","52,820","20,720","32,100"
2008,노원구,월계1동,"19,475","9,683","9,792","1,692",755,937
2008,노원구,월계2동,"28,070","13,645","14,425","2,798",999,"1,799"
2008,노원구,월계3동,"27,695","13,682","14,013","2,217",949,"1,268"
2008,노원구,월계4동,"20,640","10,309","10,331","2,426","1,002","1,424"
2008,노원구,공릉2동,"47,194","23,449","23,745","3,256","1,336","1,920"
2008,노원구,하계1동,"31,829","15,410","16,419","2,914","1,018","1,896"
2008,노원구,하계2동,"26,888","13,125","13,763","2,058",796,"1,262"
2008,노원구,중계본동,"31,418","15,514","15,904","2,146",774,"1,372"
2008,노원구,중계1동,"31,860","15,647","16,213","1,835",662,"1,173"
2008,노원구,중계2동,"18,860","9,035","9,825","1,656",556,"1,100"
2008,노원구,중계3동,"25,078","11,835","13,243","3,173","1,216","1,957"
2008,노원구,중계4동,"24,615","11,966","12,649","2,246",912,"1,334"
2008,노원구,상계1동,"41,126","20,394","20,732","3,563","1,455","2,108"
2008,노원구,상계2동,"22,854","11,327","11,527","1,926",843,"1,083"
2008,노원구,상계5동,"25,128","12,314","12,814","2,364",953,"1,411"
2008,노원구,상계8동,"27,556","13,379","14,177","1,884",650,"1,234"
2008,노원구,상계9동,"26,058","12,743","13,315","1,932",721,"1,211"
2008,노원구,상계10동,"21,589","10,295","11,294","1,635",591,"1,044"
2008,노원구,공릉1.3동,"42,041","20,650","21,391","3,318","1,391","1,927"
2008,노원구,상계3.4동,"42,371","21,393","20,978","4,840","2,064","2,776"
2008,노원구,상계6.7동,"38,463","18,273","20,190","2,941","1,077","1,864"
2008,은평구,소계,"463,364","228,740","234,624","45,836","20,016","25,820"
2008,은평구,녹번동,"36,907","18,012","18,895","3,833","1,687","2,146"
2008,은평구,불광1동,"36,353","17,780","18,573","3,867","1,642","2,225"
2008,은평구,갈현1동,"27,489","13,585","13,904","2,516","1,126","1,390"
2008,은평구,갈현2동,"27,892","13,572","14,320","2,571","1,113","1,458"
2008,은평구,구산동,"33,072","17,074","15,998","3,277","1,587","1,690"
2008,은평구,대조동,"31,952","15,360","16,592","3,339","1,453","1,886"
2008,은평구,응암1동,"33,993","16,641","17,352","3,200","1,390","1,810"
2008,은평구,응암2동,"21,533","10,736","10,797","2,320",964,"1,356"
2008,은평구,신사1동,"27,770","13,677","14,093","2,425","1,076","1,349"
2008,은평구,신사2동,"24,642","12,553","12,089","2,093",888,"1,205"
2008,은평구,증산동,"22,327","11,137","11,190","2,152",964,"1,188"
2008,은평구,수색동,"21,189","10,522","10,667","2,417","1,003","1,414"
2008,은평구,진관동,"10,841","5,338","5,503","1,091",470,621
2008,은평구,불광2동,"32,583","16,153","16,430","3,438","1,509","1,929"
2008,은평구,응암3동,"28,204","14,031","14,173","3,147","1,329","1,818"
2008,은평구,역촌동,"46,617","22,569","24,048","4,150","1,815","2,335"
2008,서대문구,소계,"340,731","166,432","174,299","36,042","15,247","20,795"
2008,서대문구,천연동,"19,132","9,358","9,774","2,232",881,"1,351"
2008,서대문구,홍제1동,"29,233","14,109","15,124","3,202","1,350","1,852"
2008,서대문구,홍제3동,"20,950","10,231","10,719","2,477","1,053","1,424"
2008,서대문구,홍제2동,"16,325","7,888","8,437","1,676",687,989
2008,서대문구,홍은1동,"29,452","14,586","14,866","3,305","1,395","1,910"
2008,서대문구,홍은2동,"29,667","14,602","15,065","3,074","1,335","1,739"
2008,서대문구,남가좌1동,"7,451","3,783","3,668",791,330,461
2008,서대문구,남가좌2동,"31,360","15,425","15,935","3,273","1,385","1,888"
2008,서대문구,북가좌1동,"11,764","5,896","5,868","1,160",518,642
2008,서대문구,북가좌2동,"34,478","17,025","17,453","3,424","1,481","1,943"
2008,서대문구,충현동,"24,393","12,106","12,287","2,760","1,132","1,628"
2008,서대문구,북아현동,"20,657","9,942","10,715","2,053",838,"1,215"
2008,서대문구,신촌동,"21,301","9,658","11,643","1,838",773,"1,065"
2008,서대문구,연희동,"44,568","21,823","22,745","4,777","2,089","2,688"
2008,마포구,소계,"393,241","192,243","200,998","36,495","15,547","20,948"
2008,마포구,용강동,"22,337","10,887","11,450","2,037",860,"1,177"
2008,마포구,대흥동,"17,409","8,510","8,899","1,657",706,951
2008,마포구,염리동,"19,397","9,477","9,920","1,895",781,"1,114"
2008,마포구,신수동,"22,944","11,450","11,494","2,116",931,"1,185"
2008,마포구,서교동,"30,586","14,397","16,189","2,791","1,302","1,489"
2008,마포구,합정동,"21,740","10,659","11,081","1,981",881,"1,100"
2008,마포구,망원1동,"25,127","12,418","12,709","2,227",971,"1,256"
2008,마포구,망원2동,"21,578","10,609","10,969","1,872",807,"1,065"
2008,마포구,연남동,"20,823","10,123","10,700","1,999",886,"1,113"
2008,마포구,성산1동,"20,710","10,197","10,513","1,884",813,"1,071"
2008,마포구,성산2동,"41,494","20,227","21,267","3,610","1,456","2,154"
2008,마포구,상암동,"21,694","10,809","10,885","1,721",692,"1,029"
2008,마포구,도화동,"23,713","11,525","12,188","2,565","1,070","1,495"
2008,마포구,서강동,"26,926","13,030","13,896","2,125",896,"1,229"
2008,마포구,공덕동,"38,445","18,927","19,518","4,067","1,703","2,364"
2008,마포구,아현동,"18,318","8,998","9,320","1,948",792,"1,156"
2008,양천구,소계,"507,899","253,061","254,838","35,375","14,220","21,155"
2008,양천구,목1동,"31,997","15,685","16,312","1,754",703,"1,051"
2008,양천구,목2동,"32,320","16,029","16,291","2,331",901,"1,430"
2008,양천구,목3동,"23,772","11,744","12,028","1,705",687,"1,018"
2008,양천구,목4동,"29,626","14,843","14,783","1,886",712,"1,174"
2008,양천구,신월1동,"25,266","12,923","12,343","1,806",785,"1,021"
2008,양천구,신월2동,"23,703","11,873","11,830","1,851",780,"1,071"
2008,양천구,신월3동,"18,552","9,510","9,042","1,496",612,884
2008,양천구,신월4동,"18,570","9,322","9,248","1,456",634,822
2008,양천구,신월5동,"15,626","7,773","7,853","1,175",496,679
2008,양천구,신월6동,"15,576","7,868","7,708","1,179",475,704
2008,양천구,신월7동,"26,558","13,324","13,234","2,259",931,"1,328"
2008,양천구,신정1동,"25,627","12,653","12,974","1,679",676,"1,003"
2008,양천구,신정2동,"23,446","11,669","11,777","1,538",603,935
2008,양천구,신정3동,"50,643","25,152","25,491","3,391","1,337","2,054"
2008,양천구,신정6동,"28,141","13,857","14,284","1,542",577,965
2008,양천구,신정7동,"33,992","16,863","17,129","2,839","1,056","1,783"
2008,양천구,목5동,"47,681","23,631","24,050","2,682",965,"1,717"
2008,양천구,신정4동,"36,803","18,342","18,461","2,806","1,290","1,516"
2008,강서구,소계,"583,545","288,063","295,482","45,460","18,407","27,053"
2008,강서구,염창동,"42,053","20,840","21,213","2,445",958,"1,487"
2008,강서구,등촌1동,"21,644","10,819","10,825","1,641",691,950
2008,강서구,등촌2동,"23,035","11,552","11,483","1,568",652,916
2008,강서구,등촌3동,"38,947","18,653","20,294","3,859","1,326","2,533"
2008,강서구,화곡본동,"35,965","17,692","18,273","2,412","1,028","1,384"
2008,강서구,화곡2동,"20,827","10,341","10,486","1,444",626,818
2008,강서구,화곡3동,"24,369","11,966","12,403","1,905",793,"1,112"
2008,강서구,화곡4동,"23,060","11,481","11,579","1,819",787,"1,032"
2008,강서구,화곡6동,"24,819","12,225","12,594","1,748",740,"1,008"
2008,강서구,화곡8동,"27,598","13,596","14,002","2,021",923,"1,098"
2008,강서구,가양1동,"22,295","11,326","10,969","1,469",599,870
2008,강서구,가양2동,"19,040","9,226","9,814","2,269",772,"1,497"
2008,강서구,가양3동,"20,058","9,681","10,377","2,179",790,"1,389"
2008,강서구,발산1동,"32,143","15,619","16,524","2,155",835,"1,320"
2008,강서구,공항동,"22,604","11,666","10,938","1,973",842,"1,131"
2008,강서구,방화1동,"31,993","16,134","15,859","2,449","1,046","1,403"
2008,강서구,방화2동,"26,860","13,320","13,540","2,743","1,105","1,638"
2008,강서구,방화3동,"28,601","13,874","14,727","2,769","1,041","1,728"
2008,강서구,화곡1동,"51,983","25,741","26,242","3,859","1,721","2,138"
2008,강서구,우장산동,"45,651","22,311","23,340","2,733","1,132","1,601"
2008,구로구,소계,"448,696","226,732","221,964","34,322","15,117","19,205"
2008,구로구,신도림동,"37,004","18,396","18,608","2,376","1,028","1,348"
2008,구로구,구로1동,"28,113","14,107","14,006","1,278",475,803
2008,구로구,구로3동,"27,478","13,928","13,550","1,808",816,992
2008,구로구,구로4동,"30,807","15,361","15,446","2,590","1,092","1,498"
2008,구로구,구로5동,"34,617","17,477","17,140","2,478","1,128","1,350"
2008,구로구,고척1동,"27,028","13,692","13,336","2,192",934,"1,258"
2008,구로구,고척2동,"28,644","14,612","14,032","2,363","1,075","1,288"
2008,구로구,개봉2동,"36,451","18,097","18,354","2,814","1,306","1,508"
2008,구로구,개봉3동,"22,944","11,420","11,524","1,743",774,969
2008,구로구,오류1동,"21,690","10,909","10,781","1,931",856,"1,075"
2008,구로구,오류2동,"30,236","15,427","14,809","2,652","1,200","1,452"
2008,구로구,수궁동,"22,363","11,308","11,055","1,952",850,"1,102"
2008,구로구,가리봉동,"23,248","12,422","10,826","1,592",682,910
2008,구로구,구로2동,"39,337","20,059","19,278","3,436","1,523","1,913"
2008,구로구,개봉1동,"38,736","19,517","19,219","3,117","1,378","1,739"
2008,금천구,소계,"265,244","135,337","129,907","20,977","9,090","11,887"
2008,금천구,가산동,"24,428","13,438","10,990","1,535",704,831
2008,금천구,독산1동,"36,360","18,671","17,689","2,871","1,264","1,607"
2008,금천구,독산2동,"24,955","12,669","12,286","1,767",794,973
2008,금천구,독산3동,"32,516","16,397","16,119","2,371","1,052","1,319"
2008,금천구,독산4동,"20,761","10,569","10,192","1,393",621,772
2008,금천구,시흥1동,"34,516","17,502","17,014","2,996","1,289","1,707"
2008,금천구,시흥2동,"26,053","12,997","13,056","2,191",928,"1,263"
2008,금천구,시흥3동,"13,276","6,741","6,535","1,340",574,766
2008,금천구,시흥4동,"26,257","13,218","13,039","2,024",843,"1,181"
2008,금천구,시흥5동,"26,122","13,135","12,987","2,489","1,021","1,468"
2008,영등포구,소계,"443,537","223,825","219,712","37,599","16,353","21,246"
2008,영등포구,여의동,"33,941","16,543","17,398","3,605","1,602","2,003"
2008,영등포구,당산1동,"20,936","10,573","10,363","2,016",919,"1,097"
2008,영등포구,당산2동,"33,493","16,538","16,955","2,815","1,188","1,627"
2008,영등포구,양평1동,"17,300","8,763","8,537","1,521",660,861
2008,영등포구,양평2동,"21,924","11,170","10,754","1,576",648,928
2008,영등포구,신길1동,"26,620","13,421","13,199","2,284",971,"1,313"
2008,영등포구,신길3동,"20,995","10,568","10,427","1,894",788,"1,106"
2008,영등포구,신길4동,"14,767","7,447","7,320","1,360",561,799
2008,영등포구,신길5동,"20,030","10,157","9,873","1,686",728,958
2008,영등포구,신길6동,"26,016","12,957","13,059","2,221",911,"1,310"
2008,영등포구,신길7동,"20,344","10,196","10,148","1,637",654,983
2008,영등포구,대림1동,"20,970","10,583","10,387","1,709",746,963
2008,영등포구,대림2동,"27,705","14,016","13,689","1,866",875,991
2008,영등포구,대림3동,"33,951","17,122","16,829","2,359","1,051","1,308"
2008,영등포구,영등포본동,"28,360","14,392","13,968","2,286","1,001","1,285"
2008,영등포구,영등포동,"19,169","10,624","8,545","2,075",954,"1,121"
2008,영등포구,도림동,"24,923","12,659","12,264","2,041",882,"1,159"
2008,영등포구,문래동,"32,093","16,096","15,997","2,648","1,214","1,434"
2008,동작구,소계,"410,934","202,654","208,280","38,002","16,672","21,330"
2008,동작구,노량진2동,"18,033","8,956","9,077","1,812",784,"1,028"
2008,동작구,상도1동,"40,003","19,653","20,350","3,736","1,600","2,136"
2008,동작구,상도2동,"25,910","12,744","13,166","2,508","1,086","1,422"
2008,동작구,상도3동,"24,295","11,957","12,338","2,508","1,128","1,380"
2008,동작구,상도4동,"30,076","14,960","15,116","2,936","1,300","1,636"
2008,동작구,사당1동,"23,536","11,376","12,160","1,837",867,970
2008,동작구,사당3동,"26,013","12,948","13,065","2,368","1,102","1,266"
2008,동작구,사당4동,"14,853","7,291","7,562","1,367",615,752
2008,동작구,사당5동,"16,088","8,040","8,048","1,300",583,717
2008,동작구,대방동,"39,788","19,508","20,280","3,327","1,427","1,900"
2008,동작구,신대방1동,"29,976","14,788","15,188","2,198",970,"1,228"
2008,동작구,신대방2동,"20,919","10,212","10,707","1,847",836,"1,011"
2008,동작구,흑석동,"34,616","17,099","17,517","3,869","1,609","2,260"
2008,동작구,노량진1동,"35,006","17,546","17,460","3,557","1,495","2,062"
2008,동작구,사당2동,"31,822","15,576","16,246","2,832","1,270","1,562"
2008,관악구,소계,"551,873","279,975","271,898","44,193","19,856","24,337"
2008,관악구,보라매동,"27,560","13,768","13,792","2,417","1,063","1,354"
2008,관악구,청림동,"17,772","8,765","9,007","1,539",659,880
2008,관악구,행운동,"30,706","15,376","15,330","2,397","1,108","1,289"
2008,관악구,낙성대동,"18,297","9,455","8,842","1,276",567,709
2008,관악구,중앙동,"15,056","7,540","7,516","1,412",649,763
2008,관악구,인헌동,"29,440","14,675","14,765","2,334","1,060","1,274"
2008,관악구,남현동,"18,029","8,842","9,187","1,477",693,784
2008,관악구,서원동,"28,402","14,195","14,207","1,827",845,982
2008,관악구,신원동,"21,530","10,624","10,906","1,832",832,"1,000"
2008,관악구,서림동,"25,352","13,894","11,458","1,962",880,"1,082"
2008,관악구,신사동,"27,930","13,972","13,958","1,856",862,994
2008,관악구,신림동,"17,811","8,828","8,983","1,145",542,603
2008,관악구,난향동,"18,298","9,102","9,196","1,434",598,836
2008,관악구,조원동,"19,887","10,011","9,876","1,602",740,862
2008,관악구,대학동,"23,345","13,889","9,456","1,629",745,884
2008,관악구,은천동,"40,454","20,178","20,276","3,118","1,380","1,738"
2008,관악구,성현동,"35,685","17,749","17,936","3,245","1,413","1,832"
2008,관악구,청룡동,"35,342","17,756","17,586","2,660","1,230","1,430"
2008,관악구,난곡동,"33,136","16,946","16,190","2,957","1,331","1,626"
2008,관악구,삼성동,"32,032","16,252","15,780","3,381","1,456","1,925"
2008,관악구,미성동,"35,809","18,158","17,651","2,693","1,203","1,490"
2008,서초구,소계,"412,065","200,313","211,752","30,808","13,801","17,007"
2008,서초구,서초1동,"21,915","10,685","11,230","1,466",637,829
2008,서초구,서초2동,"23,277","11,410","11,867","1,629",737,892
2008,서초구,서초3동,"31,257","15,708","15,549","2,448","1,180","1,268"
2008,서초구,서초4동,"28,416","13,838","14,578","1,966",907,"1,059"
2008,서초구,잠원동,"37,717","18,057","19,660","2,490",973,"1,517"
2008,서초구,반포본동,"14,304","6,749","7,555","1,193",575,618
2008,서초구,반포1동,"19,500","9,322","10,178","1,085",483,602
2008,서초구,반포2동,"13,332","6,411","6,921",981,456,525
2008,서초구,반포3동,"24,554","11,821","12,733","1,844",770,"1,074"
2008,서초구,반포4동,"20,888","10,106","10,782","1,496",660,836
2008,서초구,방배본동,"21,370","10,140","11,230","1,737",787,950
2008,서초구,방배1동,"16,536","7,973","8,563","1,318",600,718
2008,서초구,방배2동,"28,958","14,058","14,900","2,268","1,050","1,218"
2008,서초구,방배3동,"26,238","12,886","13,352","2,071",921,"1,150"
2008,서초구,방배4동,"25,947","12,305","13,642","2,044",965,"1,079"
2008,서초구,양재1동,"27,529","13,410","14,119","2,350","1,016","1,334"
2008,서초구,양재2동,"23,664","11,904","11,760","1,578",683,895
2008,서초구,내곡동,"6,663","3,530","3,133",844,401,443
2008,강남구,소계,"565,624","272,953","292,671","38,735","16,537","22,198"
2008,강남구,신사동,"21,623","10,162","11,461","1,863",864,999
2008,강남구,논현1동,"27,882","12,944","14,938","1,792",818,974
2008,강남구,논현2동,"24,083","11,437","12,646","1,761",818,943
2008,강남구,압구정1동,"17,211","8,192","9,019","1,712",818,894
2008,강남구,압구정2동,"12,094","5,658","6,436","1,222",554,668
2008,강남구,청담1동,"18,428","8,934","9,494","1,476",654,822
2008,강남구,청담2동,"12,920","6,184","6,736",850,403,447
2008,강남구,삼성1동,"16,301","8,355","7,946","1,183",542,641
2008,강남구,삼성2동,"26,626","12,752","13,874","1,661",750,911
2008,강남구,대치1동,"26,912","13,286","13,626","1,399",638,761
2008,강남구,대치2동,"26,927","13,614","13,313","1,486",646,840
2008,강남구,대치3동,"18,199","9,279","8,920","1,098",472,626
2008,강남구,대치4동,"22,224","10,476","11,748","1,175",552,623
2008,강남구,역삼1동,"36,964","17,682","19,282","2,136","1,026","1,110"
2008,강남구,역삼2동,"31,543","14,839","16,704","1,887",826,"1,061"
2008,강남구,도곡1동,"22,418","10,870","11,548","1,450",618,832
2008,강남구,도곡2동,"33,987","16,227","17,760","2,299","1,097","1,202"
2008,강남구,개포1동,"22,577","10,927","11,650","1,384",571,813
2008,강남구,개포2동,"19,424","9,325","10,099","1,193",403,790
2008,강남구,개포3동,"16,602","7,973","8,629",815,258,557
2008,강남구,개포4동,"24,378","11,968","12,410","1,449",559,890
2008,강남구,일원본동,"23,357","11,435","11,922","1,285",469,816
2008,강남구,일원1동,"19,612","9,706","9,906","1,764",615,"1,149"
2008,강남구,일원2동,"20,119","9,786","10,333","1,486",501,985
2008,강남구,수서동,"17,950","8,225","9,725","2,233",751,"1,482"
2008,강남구,세곡동,"5,263","2,717","2,546",676,314,362
2008,송파구,소계,"676,580","332,704","343,876","46,699","19,466","27,233"
2008,송파구,풍납1동,"21,420","10,554","10,866","1,647",737,910
2008,송파구,풍납2동,"29,926","14,587","15,339","2,063",877,"1,186"
2008,송파구,거여1동,"16,597","8,420","8,177","1,138",475,663
2008,송파구,거여2동,"30,694","15,516","15,178","2,382",946,"1,436"
2008,송파구,마천1동,"20,021","10,199","9,822","1,761",722,"1,039"
2008,송파구,마천2동,"23,881","12,138","11,743","2,155",871,"1,284"
2008,송파구,방이1동,"18,014","8,894","9,120","1,146",470,676
2008,송파구,방이2동,"26,087","12,817","13,270","1,731",754,977
2008,송파구,오륜동,"21,303","10,390","10,913","1,195",510,685
2008,송파구,오금동,"39,468","19,717","19,751","2,910","1,184","1,726"
2008,송파구,송파1동,"28,539","13,801","14,738","1,893",834,"1,059"
2008,송파구,송파2동,"21,522","10,639","10,883","1,393",550,843
2008,송파구,석촌동,"36,892","18,155","18,737","2,321","1,024","1,297"
2008,송파구,삼전동,"35,497","17,073","18,424","2,012",781,"1,231"
2008,송파구,가락본동,"30,689","15,292","15,397","1,892",777,"1,115"
2008,송파구,가락1동,"16,169","7,940","8,229","1,122",418,704
2008,송파구,가락2동,"36,505","18,076","18,429","2,050",803,"1,247"
2008,송파구,문정1동,"23,293","11,452","11,841","1,547",639,908
2008,송파구,문정2동,"16,799","8,251","8,548","1,683",776,907
2008,송파구,장지동,"34,072","16,765","17,307","2,392",846,"1,546"
2008,송파구,잠실본동,"32,272","15,346","16,926","1,864",754,"1,110"
2008,송파구,잠실4동,"26,096","12,775","13,321","1,858",777,"1,081"
2008,송파구,잠실6동,"17,124","8,253","8,871","1,416",632,784
2008,송파구,잠실7동,"10,747","5,106","5,641","1,112",529,583
2008,송파구,잠실2동,"25,553","12,407","13,146","1,432",599,833
2008,송파구,잠실3동,"37,400","18,141","19,259","2,584","1,181","1,403"
2008,강동구,소계,"473,973","237,420","236,553","33,579","13,764","19,815"
2008,강동구,강일동,533,297,236,73,36,37
2008,강동구,상일동,"29,825","14,974","14,851","1,868",705,"1,163"
2008,강동구,명일1동,"29,496","14,561","14,935","1,999",736,"1,263"
2008,강동구,명일2동,"19,333","9,702","9,631","1,152",441,711
2008,강동구,고덕1동,"21,409","10,790","10,619","1,488",483,"1,005"
2008,강동구,고덕2동,"20,113","10,249","9,864","1,480",539,941
2008,강동구,암사2동,"16,289","8,099","8,190","1,036",451,585
2008,강동구,암사3동,"16,541","8,223","8,318","1,009",413,596
2008,강동구,천호1동,"33,988","17,000","16,988","2,592","1,117","1,475"
2008,강동구,천호3동,"29,737","14,953","14,784","2,524","1,100","1,424"
2008,강동구,성내1동,"21,499","10,753","10,746","1,466",654,812
2008,강동구,성내2동,"27,864","13,837","14,027","2,256",992,"1,264"
2008,강동구,성내3동,"25,420","12,736","12,684","1,719",717,"1,002"
2008,강동구,둔촌1동,"21,489","11,157","10,332","1,045",379,666
2008,강동구,둔촌2동,"27,834","13,817","14,017","2,014",810,"1,204"
2008,강동구,암사1동,"40,423","20,240","20,183","3,070","1,278","1,792"
2008,강동구,천호2동,"39,330","19,804","19,526","3,208","1,412","1,796"
2008,강동구,길동,"52,850","26,228","26,622","3,580","1,501","2,079"
