,읍면동명,자치구,선거인수,새누리당,더불어민주당,국민의당,독거노인수,유년부양비,노년부양비,노령화지수,사업체수,종사자수,사업체 창업률,중위연령,기초수급자인원수,보육시설,금융기관,사업체 평균연령,장애등급
0,신사동,강남구,14827,4774.0,2817,,380,15.8,19.1,121.3,"4,503","27,741",15.94,40.6,128,303,13.0,6.832999999999998,383.0
1,논현1동,강남구,21876,3966.0,4769,,500,7.2,12.4,172.1,"5,788","44,157",17.78,37.5,356,375,18.0,7.25,648.0
2,논현2동,강남구,19063,4639.0,4017,,409,11.9,14.9,124.8,"5,656","60,642",17.57,38.8,319,287,23.0,7.582999999999998,509.0
3,압구정동,강남구,22435,8301.0,3539,,647,20.0,21.4,107.1,"4,314","29,474",16.16,41.5,48,301,32.0,7.167000000000002,471.0
4,청담동,강남구,24507,7366.0,4777,,491,16.3,15.2,93.5,"4,497","39,652",14.21,40.0,210,507,21.0,7.582999999999998,584.0
5,역삼1동,강남구,31222,5285.0,6839,,679,6.5,10.1,154.3,"15,079","147,157",19.18,36.5,415,767,54.0,6.917000000000002,760.0
6,역삼2동,강남구,26632,6988.0,6513,,453,21.4,11.3,53.1,"3,416","38,937",16.77,38.2,343,528,15.0,7.832999999999998,672.0
7,삼성1동,강남구,11991,3792.0,2228,,243,14.6,15.4,105.5,"4,330","66,958",16.77,40.6,107,565,29.0,7.667000000000002,281.0
8,삼성2동,강남구,23856,6262.0,5159,,479,19.0,12.0,63.3,"3,734","38,887",17.89,38.3,324,733,17.0,8.0,567.0
9,대치1동,강남구,16660,6362.0,3281,,151,24.2,10.1,41.7,"1,066","7,154",17.54,40.3,18,294,15.0,7.75,266.0
10,대치2동,강남구,31132,10404.0,6970,,471,14.6,11.4,77.7,"3,468","57,241",13.58,41.6,141,504,21.0,9.0,707.0
11,대치4동,강남구,16885,3467.0,3848,,315,10.5,9.7,92.8,"3,716","27,829",17.01,38.2,229,617,15.0,6.5,368.0
12,도곡1동,강남구,17461,5405.0,4281,,338,17.5,13.0,74.6,"1,614","17,135",13.63,39.3,83,412,11.0,8.083,431.0
13,도곡2동,강남구,26147,9715.0,4546,,478,20.1,14.2,70.5,"1,926","22,629",11.21,40.6,37,343,22.0,8.5,499.0
14,개포1동,강남구,17652,5341.0,4747,,907,10.6,16.5,155.5,503,"1,616",12.52,44.4,483,214,2.0,12.083,631.0
15,개포2동,강남구,19425,5321.0,5609,,428,12.7,12.1,94.8,846,"3,381",12.41,41.8,292,278,3.0,10.25,486.0
16,개포4동,강남구,16188,3656.0,4387,,335,14.3,12.3,85.9,"2,221","12,024",9.0,40.2,450,854,4.0,9.583,495.0
17,일원본동,강남구,18299,5411.0,5890,,370,22.7,10.9,48.0,564,"8,402",14.01,39.8,51,754,5.0,10.833,703.0
18,일원1동,강남구,14233,3527.0,4186,,602,12.5,19.2,154.1,"1,870","7,340",5.67,42.9,"1,285",500,3.0,17.667,1045.0
19,일원2동,강남구,13325,3824.0,4173,,641,15.9,18.6,116.7,636,"10,125",10.69,41.6,957,479,3.0,11.334,1130.0
20,수서동,강남구,13814,4040.0,3682,,"1,135",9.3,27.5,294.8,"1,584","15,857",10.1,48.1,"2,853",560,4.0,9.75,2100.0
21,세곡동,강남구,31158,7100.0,11291,,766,26.4,16.3,61.7,950,"5,285",20.42,38.2,"1,756","1,619",1.0,8.083,2021.0
22,강일동,강동구,24321,5462.0,7276,2030.0,476,26.5,16.5,62.3,946,"15,030",10.99,39.3,970,"1,250",5.0,7.832999999999998,1558.0
23,상일동,강동구,16658,4424.0,4066,1195.0,304,13.0,14.2,108.7,"1,018","5,201",10.61,44.2,184,472,2.0,10.167,514.0
24,명일1동,강동구,18055,5328.0,4747,1256.0,534,17.6,14.7,83.6,"1,681","6,083",12.91,41.3,250,876,7.0,8.083,719.0
25,명일2동,강동구,14041,4576.0,3894,942.0,250,17.5,12.4,71.3,"1,151","4,698",11.38,41.9,136,249,7.0,8.25,478.0
26,고덕1동,강동구,12181,3186.0,3503,864.0,272,21.4,13.3,62.2,610,"1,993",10.33,39.7,231,607,,9.5,547.0
27,고덕2동,강동구,7444,1775.0,1535,530.0,397,10.4,20.5,197.2,"1,786","3,245",3.36,47.3,475,235,,15.417,605.0
28,암사1동,강동구,29853,6142.0,7086,2302.0,"1,138",15.0,16.6,110.7,"1,927","5,510",12.77,41.8,"1,345","1,461",3.0,8.334,1571.0
29,암사2동,강동구,12758,3003.0,3849,1009.0,330,19.2,15.0,78.2,864,"5,139",12.04,39.5,88,647,3.0,8.75,504.0
30,암사3동,강동구,14554,4211.0,4379,1055.0,239,23.8,13.1,54.9,609,"2,009",9.69,39.8,83,575,1.0,8.999,565.0
31,길동,강동구,41751,9346.0,9524,3447.0,"1,162",13.6,15.0,110.4,"3,988","18,681",13.06,41.0,895,"1,282",9.0,8.25,1981.0
32,천호1동,강동구,24141,5237.0,5093,2580.0,"1,003",12.5,17.8,142.5,"1,529","5,643",11.71,43.4,862,855,1.0,8.917,1352.0
33,천호2동,강동구,30116,5762.0,6136,3230.0,"1,339",11.9,17.7,148.5,"3,707","14,190",14.41,43.6,"1,299",888,4.0,8.083,1757.0
34,천호3동,강동구,21456,4435.0,4398,2425.0,"1,048",10.9,18.6,170.2,"1,863","7,584",15.14,43.8,960,722,3.0,8.417,1288.0
35,성내1동,강동구,15304,3419.0,4001,1801.0,364,17.8,14.7,82.7,"2,105","18,175",11.64,39.7,170,867,6.0,8.833,631.0
36,성내2동,강동구,21492,4209.0,4918,2524.0,839,11.2,16.8,149.3,"1,978","7,625",15.62,42.6,667,728,4.0,7.917000000000002,1111.0
37,성내3동,강동구,20282,4084.0,4837,2473.0,598,14.2,14.8,104.5,"2,461","9,455",14.3,40.7,357,823,5.0,7.999,864.0
38,둔촌1동,강동구,15187,4057.0,3878,1974.0,247,10.8,10.7,99.5,408,"1,371",8.09,42.6,77,81,2.0,11.583,411.0
39,둔촌2동,강동구,22665,5230.0,5545,2748.0,689,16.2,14.9,91.8,"1,637","9,468",13.07,40.8,445,778,6.0,8.583,963.0
40,번1동,강북구,17097,3206.0,2847,2379.0,829,11.0,19.9,180.3,"1,793","8,987",14.89,43.1,717,654,3.0,8.0,914.0
41,번2동,강북구,15289,3204.0,2860,2253.0,813,12.5,25.6,205.4,656,"3,314",8.69,45.7,"1,303",552,,10.75,1394.0
42,수유1동,강북구,18851,3663.0,3317,2395.0,"1,061",12.3,21.9,178.1,"1,449","4,878",10.84,44.6,"1,113",870,2.0,10.167,1296.0
43,수유2동,강북구,18663,4615.0,3497,2556.0,843,13.0,24.2,185.8,"1,363","4,339",11.89,45.4,928,745,1.0,8.833,1029.0
44,수유3동,강북구,20709,4063.0,3671,3055.0,979,9.4,20.7,219.8,"2,399","8,658",17.22,44.1,895,517,8.0,7.082999999999998,1113.0
45,우이동,강북구,17844,4115.0,3168,2208.0,959,14.1,25.2,178.7,993,"3,970",12.99,45.8,807,702,2.0,9.583,987.0
46,인수동,강북구,27054,5709.0,4722,3583.0,"1,394",13.1,24.4,186.8,"1,550","5,487",10.0,45.7,"1,636",524,1.0,9.5,1735.0
47,삼양동,강북구,23926,4302.0,5824,1810.0,"1,316",14.8,21.0,141.7,"1,176","3,641",12.41,44.2,"1,491",870,2.0,9.25,1529.0
48,미아동,강북구,19984,3592.0,5622,1500.0,"1,013",10.7,20.6,193.2,"1,639","6,194",13.61,44.2,744,426,2.0,7.832999999999998,1138.0
49,송중동,강북구,24690,4700.0,6438,1680.0,"1,252",11.9,22.5,188.7,"1,955","7,783",14.63,45.2,948,771,2.0,8.083,1402.0
50,송천동,강북구,25342,4952.0,6486,1818.0,"1,550",11.3,23.1,203.9,"2,128","7,241",11.7,46.1,"1,189",716,6.0,9.417,1542.0
51,삼각산동,강북구,25129,5079.0,8526,1835.0,809,25.5,14.8,57.9,781,"2,354",14.47,40.0,"1,084","1,213",3.0,7.25,1249.0
52,번3동,강북구,16319,3567.0,4317,1344.0,942,15.7,30.1,192.1,860,"2,922",6.98,45.3,"2,184",457,1.0,10.833,2010.0
53,화곡1동,강서구,43602,7033.0,7629,3969.0,"1,279",11.5,15.4,134.1,"3,126","10,841",13.31,39.6,"1,081","1,265",3.0,9.167,2072.0
54,화곡2동,강서구,15786,2478.0,2892,1463.0,467,17.2,15.0,87.3,852,"2,790",12.09,39.9,560,770,,10.167,774.0
55,화곡3동,강서구,19419,4476.0,4139,1642.0,557,13.4,17.7,132.0,"1,227","5,360",15.57,42.3,361,743,3.0,8.5,876.0
56,화곡8동,강서구,22054,3620.0,4354,2118.0,619,14.7,17.1,116.1,"1,230","3,229",13.58,40.7,594,836,3.0,9.75,1018.0
57,우장산동,강서구,34715,7424.0,8294,2955.0,741,22.1,13.0,58.7,"1,708","7,430",14.4,39.7,321,"1,199",7.0,9.083,1289.0
58,발산1동,강서구,28886,5395.0,7233,2928.0,601,24.5,12.9,52.7,"2,322","11,966",9.52,38.6,848,"1,446",7.0,10.167,1451.0
59,염창동,강서구,31048,5889.0,9687,4159.0,446,22.8,10.7,46.9,"2,149","15,633",8.98,38.4,129,"1,302",4.0,10.667,1048.0
60,등촌1동,강서구,18183,3127.0,4879,2072.0,552,12.6,12.9,101.8,"1,939","15,729",11.96,36.7,174,524,4.0,8.75,730.0
61,등촌2동,강서구,17331,3596.0,4225,2124.0,348,14.3,13.9,97.6,735,"3,454",9.66,40.1,262,444,1.0,11.0,709.0
62,화곡본동,강서구,28769,4253.0,6145,3059.0,691,16.0,13.6,85.5,"1,355","4,047",10.7,38.8,"1,189","1,480",2.0,11.083,1394.0
63,화곡4동,강서구,18828,3261.0,3650,2139.0,650,13.5,16.5,122.9,"1,444","3,860",12.19,41.7,560,776,3.0,9.999,940.0
64,화곡6동,강서구,20901,4456.0,4642,2235.0,553,13.9,14.2,102.4,"1,850","11,322",13.84,40.4,536,817,5.0,8.917,950.0
65,가양3동,강서구,14822,3064.0,3758,1786.0,781,11.2,21.8,195.3,933,"7,631",8.68,43.1,"1,890",391,,12.334,1637.0
66,등촌3동,강서구,28742,7865.0,6937,2524.0,"1,652",12.6,19.5,154.7,"2,627","22,329",15.76,43.5,"5,271",998,7.0,9.083,3821.0
67,가양1동,강서구,19628,5580.0,4979,1640.0,334,14.5,10.2,70.6,"1,809","14,040",21.72,36.8,141,470,3.0,8.417,774.0
68,가양2동,강서구,14892,4295.0,3203,1304.0,997,7.5,24.6,329.5,640,"3,495",8.75,48.5,"2,673",393,3.0,10.667,2399.0
69,공항동,강서구,16883,3815.0,3226,1516.0,"1,308",16.8,16.5,98.3,"1,973","35,503",12.47,40.1,618,759,8.0,9.5,1014.0
70,방화1동,강서구,33912,9528.0,8315,2912.0,906,22.7,15.4,67.6,"2,879","10,377",12.16,39.4,585,"1,652",4.0,12.0,1734.0
71,방화2동,강서구,20415,5492.0,3817,1818.0,"1,001",12.7,21.1,166.5,"2,932","13,631",8.77,43.5,"1,116",651,3.0,14.833,1613.0
72,방화3동,강서구,21700,6548.0,5084,1807.0,"1,065",14.9,21.1,141.6,932,"4,739",8.26,43.2,"1,692",769,2.0,13.583,1997.0
73,보라매동,관악구,21183,2920.0,3972,4433.0,846,12.7,18.2,142.9,"1,397","6,434",11.38,40.6,710,701,2.0,9.583,1090.0
74,은천동,관악구,28717,3429.0,5851,7077.0,"1,048",16.7,17.8,106.7,"1,596","7,330",9.77,40.5,"1,051",971,1.0,11.25,1643.0
75,성현동,관악구,26477,3505.0,5679,7182.0,"1,079",18.6,19.7,105.9,880,"2,964",10.34,42.1,"1,167",893,,11.917,1523.0
76,중앙동,관악구,12820,1244.0,2597,2974.0,552,7.9,17.2,218.6,"1,086","5,076",13.44,38.4,284,252,3.0,10.5,618.0
77,청림동,관악구,13289,1883.0,3138,3520.0,584,20.0,19.7,98.4,443,"1,185",9.26,40.3,439,491,,10.999,690.0
78,행운동,관악구,25499,2891.0,6117,5658.0,912,9.8,15.3,155.6,"1,464","6,151",14.82,36.9,768,580,5.0,9.583,1136.0
79,청룡동,관악구,24647,2496.0,5283,5411.0,933,8.8,14.6,165.5,"1,866","11,207",12.75,36.4,479,622,7.0,9.417,977.0
80,낙성대동,관악구,14769,1487.0,3584,3422.0,481,10.1,12.2,121.5,"1,265","7,741",16.44,33.7,267,856,3.0,8.25,521.0
81,인헌동,관악구,23195,2781.0,5143,5368.0,704,12.7,15.6,123.1,"1,047","4,006",8.98,37.7,305,569,5.0,10.667,906.0
82,남현동,관악구,15217,2231.0,3285,3191.0,396,12.5,14.9,119.4,874,"5,163",9.73,37.2,130,398,1.0,9.75,566.0
83,신림동,관악구,18299,1701.0,3963,2957.0,475,4.5,9.5,210.3,"1,623","5,671",15.65,33.2,316,217,2.0,7.167000000000002,566.0
84,신사동,관악구,20014,3752.0,3727,2796.0,701,10.0,13.9,138.1,"1,422","4,712",11.67,40.8,661,538,2.0,8.999,924.0
85,조원동,관악구,15471,3054.0,2920,2213.0,559,10.1,14.5,144.5,"2,184","7,073",10.71,40.9,330,510,2.0,10.0,719.0
86,미성동,관악구,27195,6670.0,4765,4095.0,972,14.0,17.9,127.9,"1,625","6,027",10.58,42.4,895,894,4.0,11.167,1355.0
87,난곡동,관악구,24857,5665.0,3966,3496.0,"1,121",12.8,19.7,153.7,959,"2,411",10.53,43.9,"1,242",668,1.0,12.917,1539.0
88,난향동,관악구,13296,3177.0,2803,1966.0,476,20.4,18.8,92.3,420,"1,926",9.29,41.8,427,534,,12.917,697.0
89,서원동,관악구,20218,3555.0,4371,2488.0,613,7.3,14.3,195.2,"1,296","7,974",13.66,37.5,502,373,2.0,8.667,827.0
90,신원동,관악구,16111,3167.0,3237,1962.0,697,9.8,17.6,180.6,851,"2,453",13.4,40.7,607,504,1.0,10.25,835.0
91,서림동,관악구,21046,4112.0,4934,2466.0,636,8.6,14.0,162.9,"1,316","3,296",7.52,36.8,532,374,1.0,16.667,859.0
92,삼성동,관악구,23296,5768.0,4798,3108.0,"1,325",11.8,24.7,210.2,"1,062","2,372",6.59,46.6,"1,009",567,,14.75,1473.0
93,대학동,관악구,20292,3899.0,5199,2326.0,545,7.0,11.6,164.9,"1,701","12,609",14.11,36.0,476,315,6.0,8.583,678.0
94,중곡1동,광진구,13504,2689.0,2843,1592.0,485,10.6,16.1,151.5,"1,639","6,476",11.71,41.6,444,304,2.0,9.583,683.0
95,중곡2동,광진구,18357,3641.0,4091,2045.0,480,13.0,14.3,110.2,"1,660","6,711",12.77,39.9,622,615,4.0,9.083,871.0
96,중곡3동,광진구,14767,3053.0,2900,1662.0,534,11.6,16.1,138.9,"1,347","5,601",12.77,42.4,704,966,1.0,9.917,748.0
97,중곡4동,광진구,25930,5555.0,5648,2960.0,842,12.8,16.4,128.2,"1,545","4,810",11.65,42.2,"1,079",868,2.0,10.833,1348.0
98,능동,광진구,9624,1872.0,2493,1046.0,260,11.1,14.4,130.4,758,"5,945",18.34,36.9,191,248,,8.833,364.0
99,구의2동,광진구,20286,4374.0,4337,2329.0,669,15.8,16.8,106.4,"1,251","5,199",11.27,41.6,677,697,2.0,11.083,1044.0
100,광장동,광진구,25721,6682.0,6649,2872.0,493,25.8,11.5,44.8,"1,402","12,078",14.41,39.6,124,608,9.0,8.833,708.0
101,군자동,광진구,17435,3401.0,4016,1894.0,574,10.3,13.8,134.4,"1,609","10,040",11.5,37.4,531,709,6.0,9.334,774.0
102,구의1동,광진구,19127,3512.0,5316,1638.0,580,9.9,14.1,142.6,"1,900","6,556",13.47,39.1,519,474,4.0,8.75,792.0
103,구의3동,광진구,23623,5955.0,7158,1912.0,608,14.8,13.7,92.3,"2,636","19,517",13.81,40.0,249,613,8.0,8.25,775.0
104,자양1동,광진구,19275,3931.0,5169,1527.0,681,11.2,14.4,128.3,"1,736","8,527",11.0,40.6,685,731,4.0,10.083,880.0
105,자양2동,광진구,21608,4860.0,5877,1827.0,532,15.3,14.3,94.0,"1,524","7,659",10.5,40.7,416,619,2.0,10.5,973.0
106,자양3동,광진구,23895,6535.0,7244,1966.0,562,19.0,13.7,72.1,"1,356","6,395",11.5,39.8,255,776,6.0,9.75,777.0
107,자양4동,광진구,19756,4171.0,4583,1681.0,938,8.3,15.7,188.8,"2,058","6,388",13.07,45.2,692,655,2.0,9.167,1038.0
108,화양동,광진구,19224,2771.0,5220,1475.0,622,5.0,9.9,196.8,"2,474","15,035",16.77,30.9,315,414,7.0,7.334,581.0
109,고척1동,구로구,20153,4225.0,6520,1221.0,663,15.7,18.0,114.3,"2,629","9,475",9.59,42.5,421,815,4.0,10.833,1118.0
110,고척2동,구로구,23486,4575.0,7357,1559.0,850,16.6,17.4,104.9,"1,427","3,976",9.32,42.4,734,"1,014",2.0,10.167,1233.0
111,개봉1동,구로구,28163,5721.0,8538,1864.0,"1,116",15.4,19.0,123.9,"1,756","5,596",11.45,43.3,912,969,3.0,9.583,1590.0
112,개봉2동,구로구,27625,5982.0,9346,2015.0,815,17.3,19.3,111.6,"1,133","2,989",9.53,41.7,592,"1,049",3.0,10.0,1435.0
113,개봉3동,구로구,17603,3318.0,5140,1324.0,579,15.8,17.9,112.7,"1,012","5,099",9.98,42.2,587,826,2.0,9.833,906.0
114,오류1동,구로구,17821,3901.0,5311,1091.0,686,12.9,18.2,141.1,"1,121","5,158",12.13,40.8,596,722,4.0,9.833,982.0
115,오류2동,구로구,34069,6578.0,11610,2105.0,987,23.8,18.1,76.1,"1,573","7,882",13.1,39.9,955,"1,880",1.0,9.167,2021.0
116,수궁동,구로구,20266,5155.0,5839,1163.0,699,17.5,17.6,100.4,"1,272","5,881",9.04,41.4,555,813,1.0,11.083,1204.0
117,신도림동,구로구,28914,6343.0,10788,1981.0,501,21.8,12.9,59.3,"2,835","14,839",13.69,38.5,131,975,5.0,9.083,974.0
118,구로1동,구로구,16984,3282.0,6598,1245.0,270,20.6,10.8,52.1,626,"3,021",8.95,37.9,69,807,2.0,9.917,509.0
119,구로2동,구로구,24165,4825.0,5819,1576.0,"1,383",10.0,17.4,173.9,"7,912","30,343",6.52,46.4,775,"1,043",12.0,11.167,1411.0
120,구로3동,구로구,22456,3299.0,7625,2004.0,648,13.3,12.9,96.8,"6,881","82,785",15.3,37.3,290,898,19.0,7.832999999999998,870.0
121,구로4동,구로구,20146,3582.0,5664,1647.0,"1,011",11.4,17.3,152.5,"2,023","5,011",12.65,44.6,662,752,5.0,9.167,1234.0
122,구로5동,구로구,26032,4914.0,8377,1869.0,731,13.2,13.9,105.5,"4,857","26,516",12.25,40.0,312,"1,149",6.0,8.917,1107.0
123,가리봉동,구로구,9597,1543.0,2110,565.0,793,6.3,13.6,215.2,976,"2,820",14.14,49.5,587,282,1.0,9.417,619.0
124,가산동,금천구,17334,2574.0,4108,2118.0,623,7.4,10.9,148.3,"13,752","153,745",14.18,40.3,468,893,30.0,7.75,761.0
125,독산1동,금천구,25878,4595.0,5771,3315.0,889,12.5,14.7,117.7,"3,922","24,440",10.76,40.1,"1,258",835,7.0,9.583,1761.0
126,독산2동,금천구,17719,3054.0,3210,2137.0,781,11.7,15.4,131.5,"1,178","3,542",12.65,45.0,"1,031",982,2.0,8.417,949.0
127,독산3동,금천구,22666,3834.0,4283,2917.0,980,10.3,14.9,144.8,"2,190","8,267",11.92,46.0,942,769,3.0,8.833,1187.0
128,독산4동,금천구,15214,2655.0,2843,1946.0,535,11.5,15.2,132.5,"1,011","3,674",12.56,45.2,743,661,2.0,8.75,758.0
129,시흥1동,금천구,29359,6001.0,5670,3640.0,"1,315",14.5,17.1,117.8,"2,986","13,912",13.53,43.0,"1,223",958,9.0,8.917,1604.0
130,시흥2동,금천구,18869,4213.0,4392,2956.0,701,19.5,19.0,97.8,576,"2,005",9.2,42.8,"1,115",610,1.0,9.5,1109.0
131,시흥3동,금천구,10366,2282.0,2180,1331.0,431,13.2,21.0,159.1,"3,340","10,610",6.41,45.1,275,338,5.0,11.083,565.0
132,시흥4동,금천구,18820,3734.0,3593,2558.0,759,13.8,17.9,129.1,859,"1,938",10.36,44.5,934,936,1.0,9.0,1024.0
133,시흥5동,금천구,18496,3732.0,3453,2438.0,"1,056",13.4,21.6,161.2,"1,173","3,445",10.06,45.4,"1,240","1,364",1.0,9.417,1202.0
134,월계1동,노원구,18698,4557.0,4519,1947.0,764,14.5,19.2,132.4,"1,444","6,011",10.04,41.1,644,759,2.0,10.667,1008.0
135,월계2동,노원구,22413,5408.0,4779,2375.0,"1,338",15.5,22.1,142.1,922,"3,313",5.97,44.4,"2,749",568,,15.833,2168.0
136,월계3동,노원구,27052,6768.0,7170,3047.0,"1,200",18.6,19.3,104.1,965,"3,371",7.25,41.4,"1,642",928,3.0,14.5,1976.0
137,공릉1동,노원구,32340,7155.0,7808,3883.0,"1,166",13.7,16.3,119.0,"2,776","11,472",11.56,40.3,"1,789",992,7.0,10.5,2186.0
138,공릉2동,노원구,33265,7872.0,8986,3809.0,910,19.2,12.9,67.5,"1,944","11,763",10.8,38.7,626,"1,488",6.0,11.75,1438.0
139,상계1동,노원구,33715,6590.0,2853,11256.0,"1,061",15.1,17.3,114.5,"3,133","10,559",7.88,42.7,"1,049","1,367",2.0,16.999000000000002,1902.0
140,상계2동,노원구,17591,3464.0,1439,5474.0,627,12.6,15.5,123.1,"2,459","9,991",17.24,42.8,716,917,2.0,6.832999999999998,887.0
141,상계3.4동,노원구,25798,5313.0,1827,7201.0,"1,718",13.4,25.4,189.9,"1,434","4,495",8.65,46.5,"2,014","1,042",1.0,12.667,1760.0
142,상계5동,노원구,22441,4654.0,1764,6677.0,"1,063",13.5,20.7,153.5,"1,568","4,708",12.88,44.4,"1,284",605,1.0,9.5,1349.0
143,상계8동,노원구,18201,3355.0,2017,6889.0,511,25.1,12.3,48.8,577,"1,935",5.89,36.6,158,844,3.0,13.583,724.0
144,상계9동,노원구,17965,3699.0,1713,6446.0,636,18.4,14.7,80.2,721,"2,519",8.46,40.9,298,587,4.0,14.833,761.0
145,상계10동,노원구,15395,3000.0,1530,5381.0,504,15.1,13.2,87.4,469,"2,191",8.53,40.2,298,411,1.0,14.417,583.0
146,하계1동,노원구,23136,4464.0,7145,2495.0,"1,109",13.0,15.2,116.8,"1,023","7,727",12.61,42.1,"2,539",637,5.0,10.917,2095.0
147,하계2동,노원구,18995,3386.0,6784,2053.0,610,18.6,14.4,77.4,387,"1,248",5.68,41.1,"1,005",351,1.0,16.334,1021.0
148,중계본동,노원구,20225,3802.0,6528,2222.0,634,19.5,11.2,57.4,"1,184","5,296",11.15,41.5,438,367,2.0,10.083,895.0
149,중계1동,노원구,20193,3725.0,7147,2279.0,473,22.8,9.3,40.9,951,"4,219",9.67,40.7,607,597,3.0,10.5,792.0
150,중계2.3동,노원구,31449,5900.0,10271,3157.0,"1,703",16.8,21.7,129.5,"1,360","5,472",10.81,42.8,"4,120",746,2.0,11.083,3214.0
151,중계4동,노원구,17493,3457.0,5117,2083.0,845,16.5,19.8,119.9,"1,044","3,766",11.49,43.2,"1,378",388,3.0,10.083,1399.0
152,상계6.7동,노원구,27466,5061.0,8532,3558.0,"1,072",18.9,14.2,74.8,"1,910","14,943",10.73,39.9,734,842,14.0,11.167,1272.0
153,쌍문1동,도봉구,17961,3959.0,5518,,758,14.5,21.8,149.8,928,"3,908",11.64,44.1,872,632,2.0,8.667,1051.0
154,쌍문3동,도봉구,14783,3135.0,4575,,588,12.7,21.3,168.3,975,"4,078",14.46,43.5,464,639,2.0,7.832999999999998,764.0
155,창1동,도봉구,21695,5073.0,7672,,798,16.9,18.1,106.5,"1,404","3,739",10.11,42.0,369,690,3.0,8.334,1032.0
156,창2동,도봉구,24892,5183.0,8071,,766,15.4,17.1,111.6,"1,398","4,457",10.94,41.8,889,"1,120",1.0,7.917000000000002,1268.0
157,창3동,도봉구,12769,2643.0,3623,,594,14.4,21.2,147.5,969,"2,242",13.42,44.5,813,623,,7.667000000000002,794.0
158,창4동,도봉구,22692,5488.0,8854,,678,17.4,15.8,90.5,"1,284","7,286",13.01,41.7,275,665,4.0,7.917000000000002,1000.0
159,창5동,도봉구,21578,5589.0,7379,,611,15.5,16.8,108.0,"2,219","7,259",10.86,42.0,351,713,5.0,7.167000000000002,991.0
160,쌍문2동,도봉구,17402,3970.0,3456,1914.0,755,13.8,19.9,144.4,"1,308","5,503",14.07,43.4,798,627,1.0,6.999,929.0
161,쌍문4동,도봉구,16090,4084.0,3738,1852.0,399,16.0,14.6,91.2,616,"1,922",14.45,42.3,184,363,2.0,7.667000000000002,668.0
162,방학1동,도봉구,25293,6268.0,4807,2887.0,986,13.3,18.9,142.3,"2,330","10,831",14.25,44.4,"1,141",982,6.0,6.917000000000002,1439.0
163,방학2동,도봉구,18358,4203.0,3137,1983.0,934,12.8,21.0,163.9,"1,244","3,029",12.7,45.3,"1,867",920,,7.999,1183.0
164,방학3동,도봉구,24060,6252.0,5934,2604.0,646,17.4,16.4,93.9,871,"3,127",10.68,42.7,285,847,3.0,8.167,1014.0
165,도봉1동,도봉구,19899,5195.0,3432,2111.0,"1,135",11.1,27.6,250.1,"1,701","6,063",12.58,47.7,"1,016",697,2.0,8.833,1476.0
166,도봉2동,도봉구,24385,6524.0,5352,3000.0,953,15.1,24.2,160.5,"1,439","6,722",12.44,45.5,745,"1,025",3.0,7.417000000000002,1406.0
167,용신동,동대문구,27097,5377.0,5919,2511.0,"1,488",10.6,20.8,196.6,"5,820","32,819",10.34,43.2,"1,164",747,12.0,9.917,1479.0
168,기동,동대문구,22439,5013.0,4848,2099.0,,,,,,,,,,,,,
169,청량리동,동대문구,19616,5319.0,4173,1554.0,"1,363",11.2,28.0,249.9,"1,683","8,132",9.74,48.2,"1,250",505,5.0,10.833,1384.0
170,회기동,동대문구,9655,1937.0,2951,765.0,322,9.7,13.7,141.7,988,"9,709",17.0,31.3,209,222,6.0,8.25,315.0
171,휘경1동,동대문구,11961,2474.0,2657,997.0,476,8.6,17.7,206.2,"1,027","4,606",10.22,39.0,397,371,2.0,9.334,616.0
172,휘경2동,동대문구,19929,4428.0,5494,1752.0,643,14.8,16.5,111.7,"1,197","4,977",9.02,39.3,405,687,2.0,9.999,860.0
173,이문1동,동대문구,24353,5175.0,5470,2114.0,"1,001",9.4,17.1,182.4,"1,486","6,849",12.25,37.7,900,547,2.0,8.999,1287.0
174,이문2동,동대문구,17684,3900.0,4665,1714.0,655,16.9,19.2,113.9,729,"2,257",11.25,42.3,731,679,,9.75,1031.0
175,전농1동,동대문구,25078,5411.0,7709,,"1,420",13.6,21.3,156.3,"2,178","8,303",13.04,43.7,"1,410",633,2.0,8.5,1576.0
176,전농2동,동대문구,16612,3799.0,5950,,527,17.3,19.7,114.2,875,"4,824",9.26,42.8,582,423,4.0,10.083,875.0
177,답십리1동,동대문구,20915,4494.0,7017,,648,16.5,17.1,103.5,"2,242","10,402",9.9,40.7,630,858,7.0,10.334,958.0
178,답십리2동,동대문구,23496,5424.0,7918,,924,14.8,20.1,136.1,"2,055","6,059",8.18,43.7,969,925,1.0,10.334,1439.0
179,장안1동,동대문구,30890,6428.0,9628,,913,15.1,16.6,110.1,"4,539","21,790",11.37,41.4,903,"1,372",10.0,9.25,1552.0
180,장안2동,동대문구,25288,5564.0,8279,,748,18.9,16.9,89.7,"3,204","11,468",12.86,41.3,721,948,3.0,8.167,1223.0
181,노량진1동,동작구,26568,5857.0,5866,3861.0,941,14.1,19.4,136.9,"2,148","9,310",12.15,41.0,570,653,5.0,11.25,1228.0
182,노량진2동,동작구,13099,2729.0,2533,1778.0,671,8.1,20.9,259.0,"1,554","6,340",12.29,45.8,538,233,4.0,12.417,646.0
183,상도2동,동작구,20280,4361.0,4363,2958.0,951,15.9,17.1,107.2,"1,287","4,543",13.68,39.5,378,716,4.0,9.75,931.0
184,상도3동,동작구,21262,4046.0,4592,3273.0,727,13.4,18.9,141.2,946,"2,683",12.37,40.9,637,854,3.0,11.167,1132.0
185,상도4동,동작구,23461,4242.0,4814,3152.0,"1,032",14.3,18.0,126.2,983,"2,910",10.48,41.0,794,921,1.0,11.833,1290.0
186,대방동,동작구,30133,6326.0,6522,4716.0,990,17.0,15.3,89.9,"1,660","12,152",12.47,39.8,"1,072",745,5.0,10.417,1592.0
187,신대방1동,동작구,19328,4439.0,4095,2974.0,604,17.1,14.7,85.9,"1,060","4,364",12.92,42.1,302,626,3.0,9.917,801.0
188,신대방2동,동작구,16606,3614.0,3590,2520.0,500,19.0,16.8,88.3,"1,219","24,086",12.47,39.3,327,559,7.0,9.583,744.0
189,상도1동,동작구,37685,10017.0,7738,5599.0,"1,339",15.2,15.8,104.1,"1,704","8,381",11.03,37.6,839,"1,134",5.0,9.917,1551.0
190,흑석동,동작구,27515,7824.0,4873,3523.0,"1,129",13.0,19.8,151.8,"1,495","10,142",11.77,40.6,575,878,6.0,10.833,1227.0
191,사당1동,동작구,19920,4459.0,3922,3297.0,622,8.9,15.9,179.4,"1,845","9,566",13.88,39.0,366,741,10.0,8.75,789.0
192,사당2동,동작구,24979,7181.0,4723,3710.0,844,14.5,19.7,135.8,"1,651","5,818",15.02,41.7,380,607,2.0,8.667,906.0
193,사당3동,동작구,19577,5813.0,3455,3104.0,585,16.0,19.9,124.7,"1,005","4,316",10.65,41.7,237,557,1.0,11.5,773.0
194,사당4동,동작구,12642,3212.0,2392,2305.0,469,12.1,18.9,155.3,684,"1,738",11.26,41.0,303,457,1.0,10.25,538.0
195,사당5동,동작구,10867,2796.0,2130,1776.0,347,15.5,17.2,110.6,506,"1,709",11.26,40.0,255,318,,10.999,498.0
196,공덕동,마포구,31165,6063.0,9019,1875.0,"1,378",12.9,17.9,139.2,"2,764","18,875",13.35,41.8,783,725,10.0,9.25,1527.0
197,아현동,마포구,22788,4884.0,7539,1139.0,527,16.9,14.3,84.9,"1,745","12,598",12.72,39.2,472,817,8.0,8.583,712.0
198,도화동,마포구,18992,4234.0,6248,1080.0,645,15.6,19.1,122.6,"2,012","15,583",13.02,41.4,387,423,8.0,9.083,781.0
199,용강동,마포구,16684,3689.0,5980,838.0,623,22.0,15.4,69.9,"2,608","19,216",13.69,39.6,231,436,9.0,8.417,599.0
200,대흥동,마포구,11490,1966.0,3284,664.0,515,7.5,15.9,213.0,"1,583","9,646",12.57,36.8,281,208,6.0,9.0,451.0
201,염리동,마포구,11827,2197.0,3433,587.0,476,13.3,18.6,140.0,720,"3,618",15.0,40.9,316,318,,9.417,442.0
202,신수동,마포구,16229,3406.0,5455,883.0,527,16.5,17.2,103.7,"1,174","5,334",14.82,40.1,253,496,1.0,8.917,712.0
203,서강동,마포구,20777,4363.0,5515,1835.0,535,15.1,13.5,89.0,"1,699","11,958",17.36,37.7,215,772,4.0,6.582999999999998,712.0
204,서교동,마포구,23015,3979.0,5749,1869.0,614,8.6,14.4,167.7,"9,536","62,203",17.71,36.8,279,451,23.0,6.167000000000002,744.0
205,합정동,마포구,15918,2996.0,3785,1348.0,525,13.6,15.4,112.9,"2,049","14,716",16.4,37.3,362,391,4.0,7.25,594.0
206,망원1동,마포구,18564,3353.0,4216,1766.0,720,12.7,17.9,140.1,"1,771","4,705",13.44,40.3,598,584,2.0,9.334,852.0
207,망원2동,마포구,16301,3334.0,3840,1666.0,492,16.9,17.6,104.0,"1,362","5,226",14.98,40.5,383,662,3.0,8.583,812.0
208,연남동,마포구,15406,2869.0,3855,1327.0,462,10.1,16.3,162.1,"1,506","5,926",20.45,38.7,210,467,1.0,6.5,575.0
209,성산1동,마포구,16797,2916.0,3818,1536.0,538,13.4,16.2,121.4,"1,539","11,078",11.18,40.4,430,369,2.0,9.083,683.0
210,성산2동,마포구,30740,6172.0,7928,3138.0,"1,313",18.4,17.7,96.1,"1,782","11,771",11.28,40.5,"1,590","1,254",4.0,9.083,1970.0
211,상암동,마포구,24177,4970.0,6893,2543.0,378,26.5,14.1,53.2,"2,341","38,152",20.5,38.8,588,"1,330",12.0,6.082999999999998,1226.0
212,충현동,서대문구,15158,3700.0,4197,,760,11.0,20.3,185.5,"1,812","25,628",10.87,43.8,408,594,7.0,10.417,751.0
213,천연동,서대문구,15554,4164.0,5409,,872,18.4,21.5,116.7,922,"2,835",8.89,42.5,535,498,1.0,10.417,784.0
214,북아현동,서대문구,10083,2523.0,3164,,484,13.1,18.6,141.6,790,"2,099",14.05,42.2,289,425,2.0,10.167,518.0
215,신촌동,서대문구,15787,2742.0,4883,,528,8.5,11.0,128.9,"3,642","37,929",15.73,29.5,496,495,13.0,7.25,507.0
216,연희동,서대문구,31740,7549.0,10211,,"1,245",11.9,18.6,156.6,"2,248","11,127",9.34,39.8,611,769,8.0,9.417,1392.0
217,홍1동,서대문구,19130,4945.0,6380,,,,,,,,,,,,,,
218,홍2동,서대문구,12579,3563.0,4428,,,,,,,,,,,,,,
219,홍3동,서대문구,15662,3733.0,4360,978.0,,,,,,,,,,,,,
220,홍은1동,서대문구,19617,5068.0,5529,1151.0,897,14.2,22.8,160.9,981,"2,470",12.84,45.0,603,449,1.0,10.583,1037.0
221,홍은2동,서대문구,23728,5412.0,6411,1369.0,891,13.8,20.2,146.8,"1,168","5,372",13.27,43.3,784,474,4.0,9.917,1307.0
222,남가좌1동,서대문구,10513,2632.0,3650,643.0,340,26.1,15.8,60.3,733,"2,047",16.51,38.8,168,381,3.0,11.167,511.0
223,남가좌2동,서대문구,21743,4879.0,6399,1326.0,826,14.1,21.2,150.5,"1,308","4,207",13.99,43.0,724,611,4.0,9.083,1039.0
224,북가좌1동,서대문구,15498,4075.0,4525,1156.0,388,19.9,18.0,90.3,642,"3,126",14.02,41.0,267,461,2.0,8.667,721.0
225,북가좌2동,서대문구,27555,5843.0,7454,2102.0,"1,161",14.2,20.1,142.1,"2,330","7,183",7.73,42.9,843,699,4.0,11.667,1544.0
226,잠원동,서초구,25413,8373.0,4004,1942.0,695,19.4,12.2,63.1,"2,273","16,956",12.19,39.6,172,417,11.0,8.083,607.0
227,반포본동,서초구,9374,3638.0,1433,771.0,252,22.8,18.5,81.2,677,"2,727",13.0,42.4,9,16,5.0,9.833,195.0
228,반포1동,서초구,23648,6433.0,3446,1768.0,545,19.5,11.4,58.1,"1,517","8,836",14.83,38.0,196,427,11.0,7.082999999999998,546.0
229,반포2동,서초구,14071,5606.0,1895,1127.0,322,28.2,15.6,55.2,452,"2,841",10.4,40.0,13,590,6.0,9.083,352.0
230,반포3동,서초구,15295,5610.0,2255,1266.0,381,23.3,14.3,61.3,922,"7,073",13.45,40.1,18,457,5.0,9.334,344.0
231,반포4동,서초구,15271,5104.0,2355,1168.0,359,20.9,14.4,68.8,"3,594","32,423",11.77,39.7,56,832,19.0,9.083,363.0
232,방배본동,서초구,16633,5566.0,2736,1410.0,413,19.5,15.9,81.4,"1,670","10,580",13.59,41.0,162,131,6.0,8.167,492.0
233,방배1동,서초구,13905,4028.0,2707,1324.0,385,14.1,16.7,118.2,"1,767","14,930",12.85,39.7,176,146,5.0,8.334,454.0
234,방배4동,서초구,20048,6077.0,3798,1845.0,523,17.6,15.3,86.9,"2,384","14,073",10.99,39.7,213,497,13.0,8.75,671.0
235,서초1동,서초구,16838,4758.0,3186,1311.0,439,17.0,14.8,87.1,"3,626","29,810",12.47,39.2,226,668,13.0,8.999,448.0
236,서초2동,서초구,16469,4924.0,2972,1212.0,400,17.3,14.1,81.3,"4,406","48,060",14.55,38.8,76,679,31.0,8.25,358.0
237,서초3동,서초구,24265,6998.0,4288,1925.0,623,12.9,16.7,129.4,"7,466","74,335",14.26,41.0,192,549,32.0,8.667,644.0
238,서초4동,서초구,21054,7134.0,3398,1444.0,442,24.3,15.0,61.8,"2,916","27,163",15.33,40.2,32,176,17.0,7.832999999999998,405.0
239,방배2동,서초구,22494,5809.0,4736,2234.0,706,13.1,17.7,135.8,"1,957","17,422",11.65,41.8,339,640,2.0,8.167,904.0
240,방배3동,서초구,19149,5774.0,3549,1633.0,518,13.8,17.5,127.3,"1,222","13,934",10.88,42.5,267,419,4.0,10.75,588.0
241,양재1동,서초구,35222,8392.0,8793,2991.0,882,23.7,15.5,65.5,"3,631","46,647",11.73,38.7,"1,537","1,613",14.0,9.167,1953.0
242,양재2동,서초구,19129,3820.0,4728,1627.0,476,14.8,12.2,82.1,"5,257","50,006",10.54,38.7,368,545,15.0,9.25,664.0
243,내곡동,서초구,14156,3643.0,3514,1164.0,450,24.5,19.6,80.0,667,"9,411",13.34,39.1,621,"1,151",1.0,11.417,884.0
244,성북동,성북구,14695,3258.0,3995,1093.0,608,13.0,20.8,159.5,"1,107","5,286",13.1,42.4,370,240,4.0,10.833,597.0
245,삼선동,성북구,23038,4800.0,6370,1926.0,898,13.3,18.1,136.1,"1,849","10,526",12.76,40.9,781,526,8.0,9.667,981.0
246,동선동,성북구,13902,2531.0,4108,1104.0,506,10.0,15.4,153.5,"1,936","10,556",17.46,35.4,336,405,3.0,7.75,553.0
247,돈암2동,성북구,17562,4402.0,5243,1488.0,400,22.5,15.6,69.4,398,"2,168",13.32,40.8,239,530,4.0,10.167,652.0
248,안암동,성북구,13662,2531.0,3645,1189.0,497,7.2,13.4,185.8,"1,462","12,928",13.34,32.8,335,408,6.0,8.833,618.0
249,보문동,성북구,12200,2492.0,2692,1028.0,539,10.9,17.4,159.1,"1,303","5,195",12.74,41.7,380,300,4.0,9.667,605.0
250,정릉1동,성북구,14671,3409.0,4076,1458.0,472,18.6,18.6,99.9,732,"2,053",12.84,41.1,345,616,,10.334,690.0
251,정릉2동,성북구,19340,4253.0,4886,1688.0,791,16.5,21.0,127.2,900,"2,871",12.22,43.1,639,349,3.0,10.5,970.0
252,정릉3동,성북구,13414,3004.0,2901,1054.0,777,10.9,22.0,201.0,667,"4,319",9.6,41.7,678,566,1.0,13.167,773.0
253,정릉4동,성북구,21851,4579.0,5808,1956.0,830,17.8,19.9,112.1,929,"4,283",12.49,42.3,772,986,4.0,10.583,1046.0
254,길음1동,성북구,27211,5712.0,9264,2457.0,580,28.0,14.8,52.8,968,"3,525",13.74,39.2,503,"1,126",6.0,8.667,1057.0
255,돈암1동,성북구,13529,2759.0,3301,1831.0,472,15.4,18.9,122.4,394,"1,788",9.9,42.9,426,358,,10.25,637.0
256,길음2동,성북구,12921,2280.0,3066,1395.0,448,15.6,21.2,135.3,"1,296","4,987",13.58,43.5,330,281,2.0,8.334,532.0
257,종암동,성북구,33014,6067.0,7925,4352.0,"1,258",17.2,17.6,102.3,"2,048","7,309",12.45,40.2,"1,062","1,409",2.0,9.667,1572.0
258,월곡1동,성북구,22129,3649.0,5767,2942.0,795,21.3,19.3,90.9,"1,376","5,062",11.63,41.9,699,970,5.0,9.917,1184.0
259,월곡2동,성북구,17045,3227.0,3908,1989.0,596,14.9,19.0,127.4,"1,594","7,909",13.05,41.4,590,628,5.0,8.25,930.0
260,장위1동,성북구,18992,3175.0,3377,2031.0,702,12.4,20.0,160.5,"1,028","2,643",8.95,45.0,"1,230",467,1.0,10.75,1032.0
261,장위2동,성북구,17017,3274.0,2960,1720.0,811,12.2,23.2,190.8,"1,606","5,015",10.34,46.0,998,636,3.0,10.25,998.0
262,장위3동,성북구,10979,2107.0,1947,1315.0,477,15.2,21.2,139.8,804,"3,480",7.96,45.0,618,459,,10.917,688.0
263,석관동,성북구,28743,5206.0,5387,3187.0,"1,186",13.1,20.2,154.4,"2,163","9,539",12.44,43.8,"1,055",773,4.0,9.667,1640.0
264,풍납1동,송파구,14664,3538.0,3093,1273.0,549,12.6,18.2,145.2,770,"2,443",11.04,44.4,451,358,1.0,9.833,712.0
265,풍납2동,송파구,20395,5110.0,5173,1817.0,484,17.5,14.5,82.9,"1,182","15,395",11.0,39.4,393,"1,237",5.0,9.417,827.0
266,방이1동,송파구,12689,3502.0,2982,1174.0,257,15.9,12.8,80.5,"1,326","12,889",14.25,40.4,175,287,2.0,8.083,417.0
267,방이2동,송파구,21189,4205.0,4870,1906.0,541,11.5,12.7,110.5,"2,969","22,135",15.8,39.2,390,532,6.0,7.832999999999998,835.0
268,오륜동,송파구,14598,5297.0,3245,1195.0,191,19.8,12.7,63.9,516,"4,514",8.14,41.4,5,113,6.0,14.167,311.0
269,송파1동,송파구,21989,4692.0,5342,2029.0,465,11.8,12.6,106.4,"2,487","13,710",11.5,38.4,337,611,7.0,9.167,665.0
270,송파2동,송파구,17044,4822.0,4161,1594.0,279,16.6,13.2,79.5,936,"6,088",13.35,40.4,234,331,2.0,8.334,523.0
271,잠실4동,송파구,23128,6188.0,7727,1459.0,414,25.4,13.8,54.3,503,"2,071",16.7,38.5,25,749,4.0,7.917000000000002,618.0
272,잠실6동,송파구,13979,4626.0,3029,1062.0,253,17.9,15.7,87.5,"2,493","39,676",12.56,40.9,19,554,18.0,8.833,342.0
273,거여1동,송파구,11837,3129.0,2798,1169.0,371,15.7,16.1,102.9,881,"3,041",12.15,42.5,373,691,,9.25,619.0
274,거여2동,송파구,17544,4158.0,4721,1561.0,637,16.1,19.5,120.9,951,"4,152",8.94,43.7,541,650,3.0,9.667,1000.0
275,마천1동,송파구,18270,4042.0,4367,1617.0,816,16.4,21.3,130.2,948,"2,165",12.66,44.4,"1,021",523,1.0,9.25,1258.0
276,마천2동,송파구,17552,3806.0,4263,1515.0,623,13.3,19.8,149.1,"1,373","4,414",11.65,45.2,890,799,2.0,9.417,1145.0
277,오금동,송파구,29622,7297.0,7512,2639.0,742,13.5,14.7,108.6,"2,427","16,661",11.54,41.8,599,820,6.0,9.083,1187.0
278,가락본동,송파구,22647,5057.0,5808,2076.0,500,13.2,12.3,93.1,"3,598","28,777",13.67,40.4,276,671,10.0,7.999,761.0
279,가락2동,송파구,26433,6699.0,7757,2500.0,408,18.9,11.7,61.8,"1,909","10,539",12.52,39.4,311,"1,248",6.0,8.417,898.0
280,문정1동,송파구,17613,4469.0,4534,1588.0,310,13.4,12.8,95.0,"1,381","8,917",14.05,40.2,193,480,3.0,7.999,578.0
281,장지동,송파구,27317,6081.0,7704,2625.0,663,18.6,13.4,71.8,"1,426","10,324",12.76,39.6,916,"1,053",3.0,8.25,1477.0
282,위례동,송파구,8596,1778.0,3155,662.0,112,31.5,8.0,25.5,329,"2,815",58.36,37.2,33,621,3.0,3.334,454.0
283,석촌동,송파구,28410,,6719,2632.0,772,12.6,12.8,101.3,"2,663","13,767",12.96,39.0,622,956,8.0,8.583,1094.0
284,삼전동,송파구,27891,,7055,2365.0,643,12.9,11.7,90.4,"2,050","14,868",15.37,38.3,688,"1,043",4.0,7.999,987.0
285,가락1동,송파구,803,,154,75.0,14,13.5,15.4,114.6,"2,865","10,639",4.08,43.6,2,165,5.0,14.75,22.0
286,문정2동,송파구,15579,,3755,1283.0,287,12.2,15.0,122.5,"3,823","24,211",18.18,38.1,42,223,12.0,8.25,464.0
287,잠실본동,송파구,24668,,5937,1958.0,601,10.8,12.1,111.3,"3,149","22,442",18.45,38.7,464,732,9.0,7.5,838.0
288,잠실2동,송파구,25757,,7011,1995.0,382,31.1,10.2,32.9,821,"4,616",18.15,38.3,14,478,8.0,5.999,550.0
289,잠실3동,송파구,27709,,6679,2126.0,548,21.5,15.6,72.9,"1,580","10,198",16.33,40.2,28,523,11.0,7.25,713.0
290,잠실7동,송파구,8280,,1726,545.0,219,17.0,22.0,129.5,199,"1,194",9.55,43.8,4,,4.0,11.917,204.0
291,목1동,양천구,23553,5982.0,7560,,363,23.8,10.0,41.9,"2,943","20,725",14.17,39.6,180,399,14.0,7.25,685.0
292,목2동,양천구,25248,5472.0,8047,,602,14.1,12.4,88.0,"1,139","4,094",12.47,38.8,523,801,2.0,10.75,1007.0
293,목3동,양천구,17511,3943.0,4993,,529,13.1,14.7,112.5,"1,242","4,644",12.48,40.3,646,551,4.0,9.5,836.0
294,목4동,양천구,20944,4275.0,6661,,527,16.1,12.1,75.0,"1,326","3,853",12.9,40.6,500,726,3.0,9.334,867.0
295,목5동,양천구,31232,8975.0,10160,,443,23.6,9.9,42.0,"1,525","10,258",11.67,40.2,13,697,9.0,8.25,730.0
296,신정1동,양천구,13381,3709.0,4343,,351,21.4,13.0,60.7,"1,099","4,929",13.28,41.0,222,352,5.0,9.083,550.0
297,신정2동,양천구,16568,3697.0,5695,,419,18.0,12.9,71.7,"1,104","3,612",12.05,41.9,426,431,1.0,8.833,743.0
298,신정6동,양천구,19120,5336.0,6637,,258,20.2,9.9,49.0,738,"5,769",13.82,40.0,19,468,7.0,8.667,471.0
299,신정7동,양천구,24338,6269.0,7645,,914,15.9,16.6,104.4,991,"4,481",10.9,43.1,"1,120",798,2.0,11.583,1362.0
300,신월1동,양천구,19416,4301.0,3521,1902.0,816,12.8,17.8,138.9,"1,775","5,063",12.45,44.4,"1,135","1,069",3.0,10.917,1222.0
301,신월2동,양천구,18324,4789.0,4039,1910.0,528,16.3,17.1,104.7,"1,239","3,984",7.34,41.8,567,872,2.0,13.167,1013.0
302,신월3동,양천구,14433,3033.0,2707,1278.0,755,13.9,17.6,126.7,958,"4,277",8.98,43.5,"1,036",551,1.0,11.917,901.0
303,신월4동,양천구,15508,4250.0,3670,1489.0,353,20.1,16.7,83.2,"1,164","3,745",9.19,40.6,267,916,1.0,12.5,875.0
304,신월5동,양천구,13214,3272.0,2740,1427.0,377,16.5,15.1,91.3,"1,010","4,422",10.79,40.9,456,520,1.0,10.5,745.0
305,신월6동,양천구,9410,2331.0,2092,788.0,172,15.3,17.5,114.7,"1,460","3,231",3.56,44.0,157,423,2.0,22.583,326.0
306,신월7동,양천구,19210,4692.0,4359,1974.0,755,14.5,19.1,132.2,"1,391","5,695",8.99,43.3,656,936,2.0,12.167,1129.0
307,신정3동,양천구,40676,9530.0,10287,4113.0,"1,012",20.3,15.0,74.1,"1,882","9,536",7.55,40.8,"1,440","1,648",1.0,12.667,2205.0
308,신정4동,양천구,28911,6351.0,6303,3310.0,"1,004",12.8,16.5,129.5,"3,122","14,941",12.97,41.5,943,"1,134",8.0,8.833,1533.0
309,영등포본동,영등포구,19311,4862.0,4786,1549.0,"1,010",13.7,16.6,121.2,"1,470","5,715",14.63,43.7,653,497,,9.167,1033.0
310,영등포동,영등포구,16828,3509.0,3611,1009.0,"1,240",7.7,16.6,215.9,"6,524","39,392",10.91,41.0,"1,089",467,19.0,10.583,979.0
311,당산1동,영등포구,17819,4426.0,4951,1152.0,740,12.6,17.2,136.5,"3,183","18,621",11.72,40.5,336,753,6.0,9.25,808.0
312,당산2동,영등포구,29153,7214.0,8847,1866.0,686,14.7,13.6,92.4,"2,306","21,446",13.23,36.7,144,841,6.0,8.667,943.0
313,도림동,영등포구,16691,3625.0,4226,1085.0,802,12.0,15.9,132.7,984,"3,334",8.64,42.7,506,447,1.0,10.417,902.0
314,문래동,영등포구,24532,6703.0,7562,1577.0,832,22.2,17.0,76.5,"5,403","40,679",9.98,39.1,202,838,9.0,11.334,909.0
315,양평1동,영등포구,13913,3318.0,3960,922.0,540,16.0,17.0,106.6,"3,246","23,475",5.7,38.6,216,484,3.0,12.833,745.0
316,양평2동,영등포구,17272,4350.0,5243,1083.0,434,16.6,12.3,74.0,"2,154","19,830",11.51,37.4,164,702,3.0,9.75,621.0
317,신길3동,영등포구,13152,3328.0,2933,970.0,698,13.6,18.2,133.5,985,"2,745",9.44,44.8,616,476,5.0,11.667,797.0
318,여의동,영등포구,26595,8150.0,6062,1578.0,991,19.3,21.9,113.6,"7,966","152,605",13.21,42.1,64,"2,380",67.0,9.75,716.0
319,신길1동,영등포구,16540,3098.0,3675,1691.0,"1,022",9.8,18.9,193.4,"1,176","6,721",8.16,44.2,650,522,2.0,11.167,932.0
320,신길4동,영등포구,9853,2006.0,2188,1123.0,524,10.7,20.0,186.3,491,"1,691",8.76,46.8,494,544,1.0,12.167,550.0
321,신길5동,영등포구,12195,2395.0,2516,1425.0,548,11.2,18.2,162.5,655,"3,031",9.77,46.5,466,240,,12.083,671.0
322,신길6동,영등포구,17836,3614.0,4442,2150.0,713,13.4,17.7,131.6,"1,277","4,697",9.48,43.0,349,872,1.0,10.917,857.0
323,신길7동,영등포구,10445,2507.0,2601,1095.0,330,18.5,13.4,72.7,533,"2,676",14.07,39.1,108,301,,10.334,345.0
324,대림1동,영등포구,12727,2357.0,2650,1672.0,688,10.5,18.4,175.8,"1,128","4,251",9.57,46.2,466,440,4.0,9.75,755.0
325,대림2동,영등포구,12272,2087.0,2502,1671.0,667,9.8,14.3,146.1,"1,390","4,513",15.76,47.3,422,400,1.0,8.167,718.0
326,대림3동,영등포구,21413,4017.0,5618,2651.0,774,12.3,14.7,119.4,"2,807","11,203",10.01,44.0,571,848,7.0,12.667,1138.0
327,후암동,용산구,15434,2869.0,4074,1176.0,785,14.2,19.9,140.9,840,"5,493",11.9,42.5,678,642,1.0,10.334,840.0
328,용산2가동,용산구,9897,2013.0,2438,823.0,493,11.1,20.1,180.7,574,"2,075",14.11,41.7,413,272,1.0,10.25,491.0
329,남영동,용산구,7541,1407.0,1559,584.0,701,6.4,20.8,323.7,"1,673","18,172",11.18,48.1,"1,104",131,9.0,9.417,577.0
330,청파동,용산구,17496,2998.0,4356,1518.0,786,10.0,17.8,178.7,"1,915","9,433",11.7,40.7,651,622,4.0,10.5,830.0
331,원효로1동,용산구,11103,2369.0,3034,945.0,389,15.9,15.2,95.5,"1,843","10,407",10.96,38.8,222,304,3.0,9.0,454.0
332,원효로2동,용산구,12062,2809.0,3125,1060.0,442,18.0,19.1,106.3,"1,190","7,045",11.76,41.9,322,342,5.0,9.999,522.0
333,효창동,용산구,7757,1716.0,2104,756.0,247,15.0,19.2,128.2,469,"2,300",11.3,41.5,138,366,1.0,10.667,325.0
334,용문동,용산구,10283,2217.0,2889,978.0,345,16.3,19.2,117.7,682,"1,568",13.93,41.7,246,346,,8.75,451.0
335,한강로동,용산구,12601,3092.0,2638,764.0,715,13.2,22.7,171.1,"4,892","31,880",10.53,44.0,269,490,20.0,9.083,499.0
336,이촌1동,용산구,21279,6288.0,4984,1603.0,645,25.1,20.0,79.7,823,"3,825",11.06,41.4,37,375,12.0,11.083,543.0
337,이촌2동,용산구,7749,2193.0,1884,650.0,353,14.6,23.8,163.2,340,821,9.12,44.4,94,202,4.0,12.083,357.0
338,이태원1동,용산구,6837,1517.0,1365,379.0,327,10.1,21.6,213.0,"1,714","8,286",13.94,43.4,157,228,7.0,7.832999999999998,246.0
339,이태원2동,용산구,8326,1833.0,1911,496.0,409,12.3,22.3,181.4,733,"3,216",14.32,42.1,168,147,1.0,7.75,344.0
340,한남동,용산구,18068,3353.0,3412,1090.0,793,12.4,18.4,147.6,"2,055","16,649",15.09,41.7,441,344,12.0,7.999,666.0
341,서빙고동,용산구,10439,3298.0,2017,763.0,428,17.8,19.0,107.1,415,"5,077",10.84,42.5,173,238,2.0,11.25,393.0
342,보광동,용산구,13984,2916.0,2910,1027.0,662,9.8,19.8,201.9,836,"2,786",15.31,43.7,599,314,2.0,10.083,651.0
343,녹번동,은평구,26622,5562.0,6937,,"1,419",13.9,21.1,151.5,"1,900","9,821",11.42,43.3,888,"1,225",2.0,10.417,1407.0
344,응암1동,은평구,24036,4777.0,6601,,868,17.2,19.0,110.4,"1,680","7,696",10.89,41.2,689,"1,053",7.0,10.334,1189.0
345,응암2동,은평구,17017,3399.0,4564,,664,20.8,18.0,86.8,610,"1,823",9.34,40.9,681,861,,12.0,726.0
346,응암3동,은평구,22634,4556.0,5546,,"1,363",12.1,24.0,198.6,"1,815","4,965",12.95,45.1,"1,252",750,4.0,10.167,1277.0
347,증산동,은평구,16078,3543.0,4502,,644,14.3,20.5,143.9,"1,130","4,192",8.58,43.7,502,578,,11.5,798.0
348,수색동,은평구,13479,3246.0,3535,,721,12.4,23.0,185.7,727,"2,695",7.84,46.1,682,166,3.0,13.917,871.0
349,신사1동,은평구,22968,4638.0,6576,,756,14.8,18.3,123.6,"1,290","3,909",9.15,41.9,704,920,2.0,12.083,1133.0
350,신사2동,은평구,17352,3576.0,4763,,701,15.1,18.4,121.7,"1,639","3,686",4.76,42.8,765,650,,20.917,918.0
351,역촌동,은평구,39750,7264.0,10441,,"1,477",15.6,18.0,115.7,"2,523","7,933",12.01,41.4,"1,506","1,549",4.0,10.083,2087.0
352,갈현2동,은평구,23997,,4480,3395.0,881,14.5,17.4,120.0,"1,594","6,148",12.92,41.2,"1,002",882,3.0,10.167,1196.0
353,구산동,은평구,27086,,4668,3907.0,948,15.4,20.1,130.1,"1,209","5,252",7.78,43.4,962,924,,13.25,2280.0
354,갈현1동,은평구,21045,,3954,3075.0,993,12.4,19.4,156.8,"1,419","4,944",12.9,43.3,"1,293",795,3.0,9.25,1115.0
355,진관동,은평구,38907,,9906,6155.0,903,26.6,16.5,62.2,"1,539","8,504",26.58,40.4,716,"1,801",6.0,8.167,1855.0
356,불광1동,은평구,34283,,7103,5529.0,"1,576",15.9,20.4,128.1,"1,640","6,326",11.28,42.5,"1,064","1,163",5.0,10.75,1597.0
357,불광2동,은평구,24341,,4203,3835.0,"1,392",11.6,22.1,191.3,"1,347","4,290",11.88,44.8,"1,405",646,2.0,11.833,1451.0
358,대조동,은평구,27185,,4909,4107.0,"1,322",12.4,19.7,158.4,"2,553","8,019",14.57,41.8,"1,222","1,039",5.0,9.25,1452.0
359,청운효자동,종로구,10745,2852.0,3760,370.0,429,17.3,20.4,118.0,"1,009","6,415",13.78,41.4,188,695,4.0,9.917,526.0
360,사직동,종로구,8199,2486.0,2383,263.0,383,16.5,24.0,144.8,"3,489","53,850",12.12,43.7,102,818,21.0,10.417,315.0
361,삼청동,종로구,2442,680.0,707,85.0,156,12.7,28.2,221.3,751,"4,823",17.31,46.7,50,32,5.0,8.0,126.0
362,부암동,종로구,8449,2175.0,2806,252.0,319,13.4,21.0,156.6,575,"3,690",14.61,43.5,140,145,2.0,10.25,334.0
363,평창동,종로구,15372,4619.0,4571,387.0,615,14.8,20.5,138.7,708,"2,990",13.7,44.0,124,195,5.0,10.25,573.0
364,무악동,종로구,6431,1840.0,2241,248.0,205,20.3,19.8,97.9,573,"1,472",5.58,42.9,129,250,1.0,11.999,300.0
365,교남동,종로구,3866,852.0,1166,117.0,253,12.6,25.9,206.0,302,"3,612",9.93,45.5,136,202,1.0,13.083,247.0
366,가회동,종로구,4100,1107.0,1359,172.0,196,12.8,25.4,198.6,770,"14,215",12.47,44.8,47,227,3.0,8.75,182.0
367,종로1.2.3.4가동,종로구,7088,1590.0,1672,177.0,"1,089",7.7,28.3,368.0,"15,970","110,743",9.62,50.1,563,453,54.0,11.25,392.0
368,종로5.6가동,종로구,4982,1106.0,1374,157.0,,,,,,,,,,,,9.75,291.0
369,이화동,종로구,7471,1476.0,2663,292.0,305,9.6,18.0,187.4,"1,248","16,032",13.94,38.8,184,274,7.0,8.75,318.0
370,혜화동,종로구,14785,3458.0,5514,559.0,612,10.1,15.5,154.2,"1,736","9,026",14.34,33.2,218,352,5.0,8.667,572.0
371,창신1동,종로구,5067,1036.0,1511,165.0,414,7.9,21.6,273.9,"2,273","6,340",11.75,48.7,332,180,5.0,9.833,300.0
372,창신2동,종로구,8385,1525.0,2830,300.0,428,8.8,18.6,212.8,872,"2,429",13.19,46.9,380,394,1.0,9.5,517.0
373,창신3동,종로구,6232,1434.0,2234,249.0,215,14.4,18.3,127.3,283,874,14.13,43.4,183,116,,9.167,325.0
374,숭인1동,종로구,5665,1218.0,1798,185.0,373,12.6,19.2,152.4,533,"1,587",12.01,43.9,210,218,1.0,8.5,282.0
375,숭인2동,종로구,8481,1594.0,2521,311.0,667,7.4,19.6,263.8,"1,881","6,819",13.5,43.9,303,102,4.0,10.083,472.0
376,응봉동,중구,13123,3262.0,3483,1093.0,423,21.2,18.7,88.2,375,"1,037",8.8,41.2,189,,,10.75,536.0
377,성수1가1동,중구,13665,2952.0,3302,1067.0,452,14.0,13.8,99.0,"1,546","7,815",9.12,40.7,387,,,10.417,612.0
378,성수1가2동,중구,14294,3150.0,4050,1175.0,442,13.4,14.6,108.7,"2,198","17,103",10.78,39.9,272,,,9.25,577.0
379,성수2가1동,중구,16118,3583.0,3274,1238.0,677,11.3,16.4,144.8,"2,626","18,337",10.89,44.1,537,,,9.833,862.0
380,성수2가3동,중구,9981,2410.0,2384,790.0,335,11.2,16.5,146.5,"5,056","45,871",9.97,41.8,154,,,9.75,455.0
381,왕십리도선동,중구,16776,3827.0,4350,1311.0,685,15.7,15.8,100.7,"1,906","11,693",15.16,40.1,563,,,8.083,888.0
382,왕십리2동,중구,13216,2836.0,3536,1116.0,546,14.5,17.0,117.1,780,"2,440",12.95,41.4,363,,,9.833,653.0
383,행당1동,중구,12219,2975.0,3244,879.0,511,12.6,18.0,142.4,"1,451","8,783",16.68,41.9,327,,,7.917000000000002,557.0
384,행당2동,중구,19798,4778.0,6198,1462.0,616,20.1,16.8,83.5,582,"1,927",13.06,40.6,521,,,8.5,879.0
385,마장동,중구,19728,5008.0,5064,1426.0,734,13.1,17.4,133.0,"3,238","11,683",9.45,40.8,650,,,10.5,1133.0
386,사근동,중구,9615,1940.0,2810,658.0,338,8.0,13.5,168.3,"1,088","11,474",16.27,30.3,170,,,8.25,403.0
387,송정동,중구,9614,2058.0,2159,784.0,361,11.3,15.9,140.6,695,"2,453",9.5,43.5,491,,,10.667,536.0
388,용답동,중구,13504,2801.0,3190,1040.0,665,9.8,17.3,177.3,"2,055","15,156",10.85,44.2,742,,,9.917,806.0
389,소공동,중구,1102,241.0,158,183.0,54,15.6,11.2,71.6,"3,929","65,041",8.55,39.4,16,526,37.0,10.833,38.0
390,회현동,중구,4891,1065.0,385,720.0,461,8.5,29.7,350.0,"9,697","52,540",9.27,52.1,486,239,25.0,10.583,336.0
391,명동,중구,2538,546.0,303,362.0,157,8.5,24.6,288.1,"6,778","115,866",11.12,48.0,57,404,75.0,10.417,117.0
392,필동,중구,3866,929.0,538,756.0,228,9.1,19.6,215.5,"3,159","24,075",8.39,39.4,94,128,7.0,10.5,190.0
393,장충동,중구,4413,826.0,732,873.0,187,9.1,16.2,178.7,911,"9,874",9.88,35.3,94,116,5.0,10.5,213.0
394,광희동,중구,4332,1028.0,398,770.0,352,8.1,23.2,285.3,"9,380","38,813",13.41,46.8,122,219,16.0,9.583,251.0
395,을지로동,중구,1655,409.0,138,271.0,224,5.8,31.9,549.4,"9,442","29,762",4.78,54.2,84,131,11.0,12.833,99.0
396,신당동,중구,6765,1349.0,688,1345.0,385,7.9,15.8,199.8,"12,117","27,836",15.7,43.6,248,163,7.0,5.832999999999998,377.0
397,다산동,중구,12804,2588.0,1522,2862.0,503,10.9,18.9,173.2,"1,387","9,577",10.09,42.1,360,309,4.0,9.167,670.0
398,약수동,중구,15496,3594.0,2009,3693.0,755,15.1,23.6,155.7,854,"3,563",11.48,43.9,585,514,2.0,9.334,888.0
399,청구동,중구,12568,2961.0,1774,2871.0,601,13.7,20.7,150.9,765,"3,856",7.71,43.0,489,264,1.0,10.334,658.0
400,신당5동,중구,8377,1578.0,891,1864.0,411,13.1,19.2,146.8,"1,283","3,942",9.28,43.8,266,317,2.0,8.167,459.0
401,동화동,중구,9189,2166.0,1130,2183.0,256,15.9,18.1,113.5,970,"4,035",12.47,42.3,153,306,2.0,8.167,443.0
402,황학동,중구,10508,1950.0,1257,2116.0,514,11.6,16.7,143.6,"1,963","6,435",7.79,40.8,381,230,5.0,10.667,542.0
403,중림동,중구,7193,1581.0,992,1548.0,440,13.2,23.7,179.6,"1,005","7,677",11.54,44.6,431,270,2.0,10.334,438.0
404,금호1가동,중구,10906,2394.0,1722,1997.0,512,15.4,19.9,129.4,535,"1,685",10.47,43.2,544,,,10.083,620.0
405,금호2.3가동,중구,18222,3741.0,2550,3766.0,654,15.5,18.5,119.5,"1,008","2,758",13.49,40.9,543,,,10.25,968.0
406,금호4가동,중구,11795,2378.0,1842,2353.0,478,17.8,18.2,102.2,617,"1,786",12.16,41.1,324,,,10.083,499.0
407,옥수동,중구,18401,4366.0,2936,3423.0,596,18.9,17.2,91.1,825,"3,046",14.91,39.8,323,,,8.5,680.0
408,면목본동,중랑구,30149,4798.0,8270,2095.0,"1,324",11.3,17.0,150.9,"2,498","7,459",14.13,42.9,"1,423",873,3.0,8.334,1646.0
409,면목2동,중랑구,22104,3516.0,5818,1589.0,"1,012",13.5,17.2,127.4,"2,053","6,620",11.93,43.5,937,821,1.0,8.917,1279.0
410,면목3.8동,중랑구,23322,3836.0,6687,1509.0,"1,125",11.1,18.9,169.1,"2,090","7,040",14.02,44.4,"1,107",905,1.0,8.5,1272.0
411,면목4동,중랑구,18179,3085.0,5374,1353.0,892,13.4,19.1,142.0,"1,102","3,702",11.07,42.7,"1,110",619,,8.833,1271.0
412,면목5동,중랑구,9386,1434.0,2628,633.0,405,13.3,18.3,137.0,873,"2,976",10.31,44.0,407,371,2.0,8.999,529.0
413,면목7동,중랑구,19706,3340.0,5843,1239.0,854,11.9,19.5,164.2,"1,512","4,175",12.63,44.2,649,638,2.0,9.0,1035.0
414,상봉2동,중랑구,16067,2542.0,4012,1117.0,777,9.2,16.3,178.1,"2,131","9,451",15.06,41.7,568,439,4.0,7.999,861.0
415,망우3동,중랑구,15293,2568.0,3942,975.0,794,12.6,18.5,147.2,"1,107","3,728",11.2,44.3,"1,084",604,1.0,8.667,957.0
416,상봉1동,중랑구,20177,4110.0,5309,1623.0,721,16.5,15.1,91.7,"1,124","6,360",12.1,41.3,"1,174",656,,8.917,1420.0
417,중화1동,중랑구,17246,3479.0,4430,1524.0,591,14.8,17.1,115.6,"1,061","3,715",11.4,41.6,488,645,1.0,9.083,861.0
418,중화2동,중랑구,24359,4508.0,4851,1964.0,"1,380",9.2,19.0,206.6,"2,126","7,516",12.46,46.3,"1,332",574,4.0,9.167,1510.0
419,묵1동,중랑구,27581,5769.0,7291,2472.0,852,16.3,17.3,106.5,"1,471","5,369",12.17,41.5,646,"1,051",3.0,8.667,1337.0
420,묵2동,중랑구,16180,3168.0,3888,1351.0,652,13.5,17.5,129.7,"1,815","4,712",9.97,42.2,609,517,2.0,9.917,869.0
421,망우본동,중랑구,27695,6104.0,5647,2040.0,"1,292",11.8,18.5,156.4,"3,871","12,246",9.51,44.6,"1,265",991,5.0,10.5,1722.0
422,신내1동,중랑구,31329,7003.0,8803,2452.0,794,21.0,17.1,81.7,"1,945","9,956",11.98,40.5,863,"1,514",2.0,9.25,1892.0
423,신내2동,중랑구,19790,4508.0,5982,1610.0,719,17.2,17.2,100.3,"1,136","6,165",10.83,42.1,"1,041",748,3.0,9.167,1421.0
