읍면동명,자치구,새누리당,더불어민주당,국민의당,독거노인수,노령화지수,사업체수,장애등급,인구밀도,소득(동별)
신사동,강남구,4774.0,2817,0.0,380.0,121.3,4503,383.0,9708,1925266.7299683262
신사동,관악구,3752.0,3727,2796.0,701.0,138.1,1422,924.0,41605,269594.90798399085
논현1동,강남구,3966.0,4769,0.0,500.0,172.1,5788,648.0,19894,2601180.3234719317
논현2동,강남구,4639.0,4017,0.0,409.0,124.8,5656,509.0,15401,2403661.044814341
압구정동,강남구,8301.0,3539,0.0,647.0,107.1,4314,471.0,11209,3033472.24031269
청담동,강남구,7366.0,4777,0.0,491.0,93.5,4497,584.0,13143,3291842.314441674
역삼1동,강남구,5285.0,6839,0.0,679.0,154.3,15079,760.0,15449,4072414.9062605295
역삼2동,강남구,6988.0,6513,0.0,453.0,53.1,3416,672.0,32215,4065204.578610419
삼성1동,강남구,3792.0,2228,0.0,243.0,105.5,4330,281.0,7916,1630845.0175887863
삼성2동,강남구,6262.0,5159,0.0,479.0,63.3,3734,567.0,24999,3316969.213828425
대치1동,강남구,6362.0,3281,0.0,151.0,41.7,1066,266.0,31435,2769312.0545858885
대치2동,강남구,10404.0,6970,0.0,471.0,77.7,3468,707.0,21034,4244588.790754094
대치4동,강남구,3467.0,3848,0.0,315.0,92.8,3716,368.0,29167,2287312.57591482
도곡1동,강남구,5405.0,4281,0.0,338.0,74.6,1614,431.0,22605,2470957.4362153783
도곡2동,강남구,9715.0,4546,0.0,478.0,70.5,1926,499.0,34249,3756471.4583192943
개포1동,강남구,5341.0,4747,0.0,907.0,155.5,503,631.0,16663,767790.647348204
개포2동,강남구,5321.0,5609,0.0,428.0,94.8,846,486.0,8664,2175661.7447267342
개포4동,강남구,3656.0,4387,0.0,335.0,85.9,2221,495.0,12450,2019437.9789743244
일원본동,강남구,5411.0,5890,0.0,370.0,48.0,564,703.0,9730,2673174.352584406
일원1동,강남구,3527.0,4186,0.0,602.0,154.1,1870,1045.0,18777,1808699.7662915287
일원2동,강남구,3824.0,4173,0.0,641.0,116.7,636,1130.0,13323,1984151.072444235
수서동,강남구,4040.0,3682,0.0,1135.0,294.8,1584,2100.0,11684,1755059.2984702468
세곡동,강남구,7100.0,11291,0.0,766.0,61.7,950,2021.0,6972,4928040.454073725
강일동,강동구,5462.0,7276,2030.0,476.0,62.3,946,1558.0,12270,558368.371528052
상일동,강동구,4424.0,4066,1195.0,304.0,108.7,1018,514.0,4813,188721.16285114348
명일1동,강동구,5328.0,4747,1256.0,534.0,83.6,1681,719.0,37764,452047.8041354449
명일2동,강동구,4576.0,3894,942.0,250.0,71.3,1151,478.0,19075,310425.0142849843
고덕1동,강동구,3186.0,3503,864.0,272.0,62.2,610,547.0,9432,471397.6300258757
고덕2동,강동구,1775.0,1535,530.0,397.0,197.2,1786,605.0,4315,127946.84338779436
암사1동,강동구,6142.0,7086,2302.0,1138.0,110.7,1927,1571.0,37243,637664.7168437386
암사2동,강동구,3003.0,3849,1009.0,330.0,78.2,864,504.0,13137,251047.60738591762
암사3동,강동구,4211.0,4379,1055.0,239.0,54.9,609,565.0,7686,324583.84410320496
길동,강동구,9346.0,9524,3447.0,1162.0,110.4,3988,1981.0,23702,805725.3704108037
천호1동,강동구,5237.0,5093,2580.0,1003.0,142.5,1529,1352.0,41627,493627.5102155058
천호2동,강동구,5762.0,6136,3230.0,1339.0,148.5,3707,1757.0,23010,622195.2036318701
천호3동,강동구,4435.0,4398,2425.0,1048.0,170.2,1863,1288.0,32730,487953.6307877414
성내1동,강동구,3419.0,4001,1801.0,364.0,82.7,2105,631.0,36193,356091.98305313085
성내2동,강동구,4209.0,4918,2524.0,839.0,149.3,1978,1111.0,38775,436319.6034116724
성내3동,강동구,4084.0,4837,2473.0,598.0,104.5,2461,864.0,34687,413744.8065395032
둔촌1동,강동구,4057.0,3878,1974.0,247.0,99.5,408,411.0,20342,4949.554394432806
둔촌2동,강동구,5230.0,5545,2748.0,689.0,91.8,1637,963.0,29347,481900.34300918423
번1동,강북구,3206.0,2847,2379.0,829.0,180.3,1793,914.0,36971,176419.7318128195
번2동,강북구,3204.0,2860,2253.0,813.0,205.4,656,1394.0,14726,154090.1488006292
수유1동,강북구,3663.0,3317,2395.0,1061.0,178.1,1449,1296.0,21350,195526.30483680693
수유2동,강북구,4615.0,3497,2556.0,843.0,185.8,1363,1029.0,30647,196060.50538733785
수유3동,강북구,4063.0,3671,3055.0,979.0,219.8,2399,1113.0,28053,216146.44608729845
우이동,강북구,4115.0,3168,2208.0,959.0,178.7,993,987.0,2010,190540.4330318521
인수동,강북구,5709.0,4722,3583.0,1394.0,186.8,1550,1735.0,11293,292145.37774282345
삼양동,강북구,4302.0,5824,1810.0,1316.0,141.7,1176,1529.0,31313,229492.55650806136
미아동,강북구,3592.0,5622,1500.0,1013.0,193.2,1639,1138.0,32316,204661.13425088482
송중동,강북구,4700.0,6438,1680.0,1252.0,188.7,1955,1402.0,24025,258196.9327565868
송천동,강북구,4952.0,6486,1818.0,1550.0,203.9,2128,1542.0,34700,257404.5352732993
삼각산동,강북구,5079.0,8526,1835.0,809.0,57.9,781,1249.0,55568,294700.6370428628
번3동,강북구,3567.0,4317,1344.0,942.0,192.1,860,2010.0,23119,164765.2564687377
화곡1동,강서구,7033.0,7629,3969.0,1279.0,134.1,3126,2072.0,48594,978373.0329868052
화곡2동,강서구,2478.0,2892,1463.0,467.0,87.3,852,774.0,43543,351674.6578035453
화곡3동,강서구,4476.0,4139,1642.0,557.0,132.0,1227,876.0,45471,406121.1591363455
화곡8동,강서구,3620.0,4354,2118.0,619.0,116.1,1230,1018.0,51381,475811.9651472744
우장산동,강서구,7424.0,8294,2955.0,741.0,58.7,1708,1289.0,34475,810614.112021858
발산1동,강서구,5395.0,7233,2928.0,601.0,52.7,2322,1451.0,13487,689912.1409436226
염창동,강서구,5889.0,9687,4159.0,446.0,46.9,2149,1048.0,23630,760032.3639877382
등촌1동,강서구,3127.0,4879,2072.0,552.0,101.8,1939,730.0,39097,424407.16779954685
등촌2동,강서구,3596.0,4225,2124.0,348.0,97.6,735,709.0,23991,392236.675063308
화곡본동,강서구,4253.0,6145,3059.0,691.0,85.5,1355,1394.0,32998,645270.661868586
화곡4동,강서구,3261.0,3650,2139.0,650.0,122.9,1444,940.0,28435,396763.4462881513
화곡6동,강서구,4456.0,4642,2235.0,553.0,102.4,1850,950.0,23033,446056.9432227109
가양3동,강서구,3064.0,3758,1786.0,781.0,195.3,933,1637.0,17464,291234.2103825137
등촌3동,강서구,7865.0,6937,2524.0,1652.0,154.7,2627,3821.0,44256,585349.0933626549
가양1동,강서구,5580.0,4979,1640.0,334.0,70.6,1809,774.0,5861,611901.3799147008
가양2동,강서구,4295.0,3203,1304.0,997.0,329.5,640,2399.0,16432,273771.2510329201
공항동,강서구,3815.0,3226,1516.0,1308.0,98.3,1973,1014.0,2269,506998.37718246033
방화1동,강서구,9528.0,8315,2912.0,906.0,67.6,2879,1734.0,44504,820311.7800213249
방화2동,강서구,5492.0,3817,1818.0,1001.0,166.5,2932,1613.0,3906,433049.1855924297
방화3동,강서구,6548.0,5084,1807.0,1065.0,141.6,932,1997.0,10832,439830.39624150336
보라매동,관악구,2920.0,3972,4433.0,846.0,142.9,1397,1090.0,35064,275025.7598821432
은천동,관악구,3429.0,5851,7077.0,1048.0,106.7,1596,1643.0,46296,365886.900652559
성현동,관악구,3505.0,5679,7182.0,1079.0,105.9,880,1523.0,50022,333095.68482728244
중앙동,관악구,1244.0,2597,2974.0,552.0,218.6,1086,618.0,39405,162637.01073366244
청림동,관악구,1883.0,3138,3520.0,584.0,98.4,443,690.0,56580,168294.57751181355
행운동,관악구,2891.0,6117,5658.0,912.0,155.6,1464,1136.0,42469,312000.8957655788
청룡동,관악구,2496.0,5283,5411.0,933.0,165.5,1866,977.0,25069,346327.589641756
낙성대동,관악구,1487.0,3584,3422.0,481.0,121.5,1265,521.0,8023,182773.4141662804
인헌동,관악구,2781.0,5143,5368.0,704.0,123.1,1047,906.0,25930,280302.03345302364
남현동,관악구,2231.0,3285,3191.0,396.0,119.4,874,566.0,5805,196128.9816425716
신림동,관악구,1701.0,3963,2957.0,475.0,210.3,1623,566.0,39520,232630.07732237337
조원동,관악구,3054.0,2920,2213.0,559.0,144.5,2184,719.0,30467,202714.01838435399
미성동,관악구,6670.0,4765,4095.0,972.0,127.9,1625,1355.0,24351,339340.6492490668
난곡동,관악구,5665.0,3966,3496.0,1121.0,153.7,959,1539.0,31811,300634.23610018595
난향동,관악구,3177.0,2803,1966.0,476.0,92.3,420,697.0,21266,169376.6258027168
서원동,관악구,3555.0,4371,2488.0,613.0,195.2,1296,827.0,36882,248304.3197077428
신원동,관악구,3167.0,3237,1962.0,697.0,180.6,851,835.0,36858,204991.47240615977
서림동,관악구,4112.0,4934,2466.0,636.0,162.9,1316,859.0,25732,252323.35621681192
삼성동,관악구,5768.0,4798,3108.0,1325.0,210.2,1062,1473.0,10326,262309.1161585759
대학동,관악구,3899.0,5199,2326.0,545.0,164.9,1701,678.0,2941,253539.37239135074
중곡1동,광진구,2689.0,2843,1592.0,485.0,151.5,1639,683.0,26358,266146.5004058783
중곡2동,광진구,3641.0,4091,2045.0,480.0,110.2,1660,871.0,41595,366883.4370698572
중곡3동,광진구,3053.0,2900,1662.0,534.0,138.9,1347,748.0,29933,283522.2037210489
중곡4동,광진구,5555.0,5648,2960.0,842.0,128.2,1545,1348.0,13701,495353.4225885535
능동,광진구,1872.0,2493,1046.0,260.0,130.4,758,364.0,10589,192348.3873518001
구의2동,광진구,4374.0,4337,2329.0,669.0,106.4,1251,1044.0,18625,454361.67474893905
광장동,광진구,6682.0,6649,2872.0,493.0,44.8,1402,708.0,15319,586429.9868870083
군자동,광진구,3401.0,4016,1894.0,574.0,134.4,1609,774.0,29795,358892.5585862946
구의1동,광진구,3512.0,5316,1638.0,580.0,142.6,1900,792.0,41763,374841.8981964885
구의3동,광진구,5955.0,7158,1912.0,608.0,92.3,2636,775.0,29205,489161.70741467725
자양1동,광진구,3931.0,5169,1527.0,681.0,128.3,1736,880.0,42019,392720.0705440942
자양2동,광진구,4860.0,5877,1827.0,532.0,94.0,1524,973.0,16388,439368.6471682182
자양3동,광진구,6535.0,7244,1966.0,562.0,72.1,1356,777.0,25463,479404.08297835954
자양4동,광진구,4171.0,4583,1681.0,938.0,188.8,2058,1038.0,23476,378764.3983851744
화양동,광진구,2771.0,5220,1475.0,622.0,196.8,2474,581.0,21116,412057.0239536077
고척1동,구로구,4225.0,6520,1221.0,663.0,114.3,2629,1118.0,21872,660824.2226599978
고척2동,구로구,4575.0,7357,1559.0,850.0,104.9,1427,1233.0,29814,789382.0490417187
개봉1동,구로구,5721.0,8538,1864.0,1116.0,123.9,1756,1590.0,27392,929691.2467727634
개봉2동,구로구,5982.0,9346,2015.0,815.0,111.6,1133,1435.0,43329,909316.7626509038
개봉3동,구로구,3318.0,5140,1324.0,579.0,112.7,1012,906.0,27484,603237.0625986131
오류1동,구로구,3901.0,5311,1091.0,686.0,141.1,1121,982.0,37192,626331.7715698534
오류2동,구로구,6578.0,11610,2105.0,987.0,76.1,1573,2021.0,9968,1402738.3480800274
수궁동,구로구,5155.0,5839,1163.0,699.0,100.4,1272,1204.0,9708,680056.2123451176
신도림동,구로구,6343.0,10788,1981.0,501.0,59.3,2835,974.0,25988,1017146.4756803457
구로1동,구로구,3282.0,6598,1245.0,270.0,52.1,626,509.0,22201,601713.7366829601
구로2동,구로구,4825.0,5819,1576.0,1383.0,173.9,7912,1411.0,21064,965162.9788086849
구로3동,구로구,3299.0,7625,2004.0,648.0,96.8,6881,870.0,27530,719771.4951460727
구로4동,구로구,3582.0,5664,1647.0,1011.0,152.5,2023,1234.0,62285,720968.3940797999
구로5동,구로구,4914.0,8377,1869.0,731.0,105.5,4857,1107.0,34047,916443.7517562804
가리봉동,구로구,1543.0,2110,565.0,793.0,215.2,976,619.0,43938,422124.49212686147
가산동,금천구,2574.0,4108,2118.0,623.0,148.3,13752,761.0,9321,1453629.0086131894
독산1동,금천구,4595.0,5771,3315.0,889.0,117.7,3922,1761.0,17608,2582970.041879557
독산2동,금천구,3054.0,3210,2137.0,781.0,131.5,1178,949.0,38462,1281842.4233196771
독산3동,금천구,3834.0,4283,2917.0,980.0,144.8,2190,1187.0,33962,1789191.4057927455
독산4동,금천구,2655.0,2843,1946.0,535.0,132.5,1011,758.0,32471,1094449.6646471675
시흥1동,금천구,6001.0,5670,3640.0,1315.0,117.8,2986,1604.0,22409,2197562.8323868583
시흥2동,금천구,4213.0,4392,2956.0,701.0,97.8,576,1109.0,19170,1349073.580880143
시흥3동,금천구,2282.0,2180,1331.0,431.0,159.1,3340,565.0,11453,688214.4442950472
시흥4동,금천구,3734.0,3593,2558.0,759.0,129.1,859,1024.0,26748,1320056.77942642
시흥5동,금천구,3732.0,3453,2438.0,1056.0,161.2,1173,1202.0,16465,1247959.8187591946
월계1동,노원구,4557.0,4519,1947.0,764.0,132.4,1444,1008.0,20939,235740.04692597105
월계2동,노원구,5408.0,4779,2375.0,1338.0,142.1,922,2168.0,13873,256966.84785737703
월계3동,노원구,6768.0,7170,3047.0,1200.0,104.1,965,1976.0,28991,312803.6290603136
공릉1동,노원구,7155.0,7808,3883.0,1166.0,119.0,2776,2186.0,28525,384886.51148419216
공릉2동,노원구,7872.0,8986,3809.0,910.0,67.5,1944,1438.0,6561,403789.6395191809
상계1동,노원구,6590.0,2853,11256.0,1061.0,114.5,3133,1902.0,7545,395700.9047531719
상계2동,노원구,3464.0,1439,5474.0,627.0,123.1,2459,887.0,36346,209405.08743324282
상계3.4동,노원구,5313.0,1827,7201.0,1718.0,189.9,1434,1760.0,5369,254388.2572592432
상계5동,노원구,4654.0,1764,6677.0,1063.0,153.5,1568,1349.0,63050,252015.5617278805
상계8동,노원구,3355.0,2017,6889.0,511.0,48.8,577,724.0,38249,236151.8370595133
상계9동,노원구,3699.0,1713,6446.0,636.0,80.2,721,761.0,28765,215719.20281422453
상계10동,노원구,3000.0,1530,5381.0,504.0,87.4,469,583.0,23944,164088.56368961278
하계1동,노원구,4464.0,7145,2495.0,1109.0,116.8,1023,2095.0,19299,292312.16765309015
하계2동,노원구,3386.0,6784,2053.0,610.0,77.4,387,1021.0,48584,230327.94802798665
중계본동,노원구,3802.0,6528,2222.0,634.0,57.4,1184,895.0,14226,256496.23056190016
중계1동,노원구,3725.0,7147,2279.0,473.0,40.9,951,792.0,46608,276017.0437972025
중계2.3동,노원구,5900.0,10271,3157.0,1703.0,129.5,1360,3214.0,43936,363826.3875116009
중계4동,노원구,3457.0,5117,2083.0,845.0,119.9,1044,1399.0,13139,210601.2397259132
상계6.7동,노원구,5061.0,8532,3558.0,1072.0,74.8,1910,1272.0,32967,341530.8931383827
쌍문1동,도봉구,3959.0,5518,0.0,758.0,149.8,928,1051.0,18190,187971.40745392395
쌍문3동,도봉구,3135.0,4575,0.0,588.0,168.3,975,764.0,35524,144558.08922848155
창1동,도봉구,5073.0,7672,0.0,798.0,106.5,1404,1032.0,31528,220596.0613577256
창2동,도봉구,5183.0,8071,0.0,766.0,111.6,1398,1268.0,29418,256349.67823184052
창3동,도봉구,2643.0,3623,0.0,594.0,147.5,969,794.0,23236,124516.03841596712
창4동,도봉구,5488.0,8854,0.0,678.0,90.5,1284,1000.0,30598,233912.9277593796
창5동,도봉구,5589.0,7379,0.0,611.0,108.0,2219,991.0,38374,215823.3498403408
쌍문2동,도봉구,3970.0,3456,1914.0,755.0,144.4,1308,929.0,39081,167987.76395018867
쌍문4동,도봉구,4084.0,3738,1852.0,399.0,91.2,616,668.0,39929,166427.45441565904
방학1동,도봉구,6268.0,4807,2887.0,986.0,142.3,2330,1439.0,45465,253187.3396565105
방학2동,도봉구,4203.0,3137,1983.0,934.0,163.9,1244,1183.0,30258,177458.09187367075
방학3동,도봉구,6252.0,5934,2604.0,646.0,93.9,871,1014.0,11533,240688.1755777649
도봉1동,도봉구,5195.0,3432,2111.0,1135.0,250.1,1701,1476.0,2710,187162.04903226948
도봉2동,도봉구,6524.0,5352,3000.0,953.0,160.5,1439,1406.0,35210,240212.5732062773
용신동,동대문구,5377.0,5919,2511.0,1488.0,196.6,5820,1479.0,20798,633040.307400922
제기동,동대문구,5013.0,4848,2099.0,1442.0,216.5,4739,1314.0,24196,545346.6683343459
청량리동,동대문구,5319.0,4173,1554.0,1363.0,249.9,1683,1384.0,19633,434915.44830790133
회기동,동대문구,1937.0,2951,765.0,322.0,141.7,988,315.0,16562,263238.8170675053
휘경1동,동대문구,2474.0,2657,997.0,476.0,206.2,1027,616.0,23752,326398.76417825103
휘경2동,동대문구,4428.0,5494,1752.0,643.0,111.7,1197,860.0,24254,496910.8838937928
이문1동,동대문구,5175.0,5470,2114.0,1001.0,182.4,1486,1287.0,30813,446501.35110602865
이문2동,동대문구,3900.0,4665,1714.0,655.0,113.9,729,1031.0,32887,419875.48590215493
전농1동,동대문구,5411.0,7709,0.0,1420.0,156.3,2178,1576.0,25437,613756.7860486724
전농2동,동대문구,3799.0,5950,0.0,527.0,114.2,875,875.0,24178,401480.1513061503
답십리1동,동대문구,4494.0,7017,0.0,648.0,103.5,2242,958.0,31451,590920.5176714434
답십리2동,동대문구,5424.0,7918,0.0,924.0,136.1,2055,1439.0,35636,600789.2594074975
장안1동,동대문구,6428.0,9628,0.0,913.0,110.1,4539,1552.0,31050,776689.7121109245
장안2동,동대문구,5564.0,8279,0.0,748.0,89.7,3204,1223.0,28845,630217.8472644106
노량진1동,동작구,5857.0,5866,3861.0,941.0,136.9,2148,1228.0,21139,411804.1804515125
노량진2동,동작구,2729.0,2533,1778.0,671.0,259.0,1554,646.0,23358,176251.1282403584
상도2동,동작구,4361.0,4363,2958.0,951.0,107.2,1287,931.0,28385,371296.9876561256
상도3동,동작구,4046.0,4592,3273.0,727.0,141.2,946,1132.0,43402,329804.5871781567
상도4동,동작구,4242.0,4814,3152.0,1032.0,126.2,983,1290.0,40668,380277.53460889135
대방동,동작구,6326.0,6522,4716.0,990.0,89.9,1660,1592.0,26230,508316.6407413633
신대방1동,동작구,4439.0,4095,2974.0,604.0,85.9,1060,801.0,45063,337837.8190515168
신대방2동,동작구,3614.0,3590,2520.0,500.0,88.3,1219,744.0,20836,261787.36447682872
상도1동,동작구,10017.0,7738,5599.0,1339.0,104.1,1704,1551.0,31950,610980.3336134885
흑석동,동작구,7824.0,4873,3523.0,1129.0,151.8,1495,1227.0,20902,448168.44863296533
사당1동,동작구,4459.0,3922,3297.0,622.0,179.4,1845,789.0,30330,304896.51602364995
사당2동,동작구,7181.0,4723,3710.0,844.0,135.8,1651,906.0,10947,359613.43501012214
사당3동,동작구,5813.0,3455,3104.0,585.0,124.7,1005,773.0,26766,331888.68035284925
사당4동,동작구,3212.0,2392,2305.0,469.0,155.3,684,538.0,39587,188225.1908440462
사당5동,동작구,2796.0,2130,1776.0,347.0,110.6,506,498.0,23489,163658.15311812554
공덕동,마포구,6063.0,9019,1875.0,1378.0,139.2,2764,1527.0,39312,1722207.5102734664
아현동,마포구,4884.0,7539,1139.0,527.0,84.9,1745,712.0,34539,1076978.8166725016
도화동,마포구,4234.0,6248,1080.0,645.0,122.6,2012,781.0,37721,961268.5960477692
용강동,마포구,3689.0,5980,838.0,623.0,69.9,2608,599.0,26827,950240.4958415995
대흥동,마포구,1966.0,3284,664.0,515.0,213.0,1583,451.0,16163,584319.6478468899
염리동,마포구,2197.0,3433,587.0,476.0,140.0,720,442.0,27984,574012.6157311238
신수동,마포구,3406.0,5455,883.0,527.0,103.7,1174,712.0,28324,954948.6463142334
서강동,마포구,4363.0,5515,1835.0,535.0,89.0,1699,712.0,18181,1112989.8054226476
서교동,마포구,3979.0,5749,1869.0,614.0,167.7,9536,744.0,16847,1107221.2606994202
합정동,마포구,2996.0,3785,1348.0,525.0,112.9,2049,594.0,11995,813322.3902050025
망원1동,마포구,3353.0,4216,1766.0,720.0,140.1,1771,852.0,19554,932934.861671918
망원2동,마포구,3334.0,3840,1666.0,492.0,104.0,1362,812.0,30588,817351.8883572569
연남동,마포구,2869.0,3855,1327.0,462.0,162.1,1506,575.0,28603,723231.2946746022
성산1동,마포구,2916.0,3818,1536.0,538.0,121.4,1539,683.0,26048,860531.142241413
성산2동,마포구,6172.0,7928,3138.0,1313.0,96.1,1782,1970.0,19420,1765471.59569767
상암동,마포구,4970.0,6893,2543.0,378.0,53.2,2341,1226.0,4025,1398702.4323024857
충현동,서대문구,3700.0,4197,0.0,760.0,185.5,1812,751.0,17154,419462.37561904296
천연동,서대문구,4164.0,5409,0.0,872.0,116.7,922,784.0,20531,432362.18883701705
북아현동,서대문구,2523.0,3164,0.0,484.0,141.6,790,518.0,28246,404860.98276090826
신촌동,서대문구,2742.0,4883,0.0,528.0,128.9,3642,507.0,8775,570489.0658430246
연희동,서대문구,7549.0,10211,0.0,1245.0,156.6,2248,1392.0,13584,950999.0642940672
홍제1동,서대문구,4945.0,6380,0.0,832.0,144.8,1119,951.0,20311,575892.7309165075
홍제2동,서대문구,3563.0,4428,0.0,498.0,144.8,590,644.0,14521,336383.89940417605
홍제3동,서대문구,3733.0,4360,978.0,760.0,195.7,1255,920.0,23973,380188.07797858
홍은1동,서대문구,5068.0,5529,1151.0,897.0,160.9,981,1037.0,15092,523304.7223077611
홍은2동,서대문구,5412.0,6411,1369.0,891.0,146.8,1168,1307.0,14857,653084.6613491973
남가좌1동,서대문구,2632.0,3650,643.0,340.0,60.3,733,511.0,33194,391570.2661120865
남가좌2동,서대문구,4879.0,6399,1326.0,826.0,150.5,1308,1039.0,30570,591620.8454282619
북가좌1동,서대문구,4075.0,4525,1156.0,388.0,90.3,642,721.0,38217,441215.0018297442
북가좌2동,서대문구,5843.0,7454,2102.0,1161.0,142.1,2330,1544.0,41433,780772.1173196251
잠원동,서초구,8373.0,4004,1942.0,695.0,63.1,2273,607.0,19906,2368457.4332258105
반포본동,서초구,3638.0,1433,771.0,252.0,81.2,677,195.0,12833,820317.1598040701
반포1동,서초구,6433.0,3446,1768.0,545.0,58.1,1517,546.0,30431,2245538.605546595
반포2동,서초구,5606.0,1895,1127.0,322.0,55.2,452,352.0,17401,1109996.315442795
반포3동,서초구,5610.0,2255,1266.0,381.0,61.3,922,344.0,15046,1377178.7506903952
반포4동,서초구,5104.0,2355,1168.0,359.0,68.8,3594,363.0,14378,1373519.6455665377
방배본동,서초구,5566.0,2736,1410.0,413.0,81.4,1670,492.0,32770,1454900.8539693698
방배1동,서초구,4028.0,2707,1324.0,385.0,118.2,1767,454.0,24574,1189819.016107688
방배4동,서초구,6077.0,3798,1845.0,523.0,86.9,2384,671.0,27038,1645106.5592039663
서초1동,서초구,4758.0,3186,1311.0,439.0,87.1,3626,448.0,15062,1470960.2597907446
서초2동,서초구,4924.0,2972,1212.0,400.0,81.3,4406,358.0,17128,1265440.5220007442
서초3동,서초구,6998.0,4288,1925.0,623.0,129.4,7466,644.0,10281,2105137.3867200604
서초4동,서초구,7134.0,3398,1444.0,442.0,61.8,2916,405.0,32976,2160633.8144319
방배2동,서초구,5809.0,4736,2234.0,706.0,135.8,1957,904.0,14370,1432133.088754256
방배3동,서초구,5774.0,3549,1633.0,518.0,127.3,1222,588.0,10023,1523881.761674685
양재1동,서초구,8392.0,8793,2991.0,882.0,65.5,3631,1953.0,8289,3118506.2224106165
양재2동,서초구,3820.0,4728,1627.0,476.0,82.1,5257,664.0,3139,1575448.0394386775
내곡동,서초구,3643.0,3514,1164.0,450.0,80.0,667,884.0,1497,1256631.565221087
성북동,성북구,3258.0,3995,1093.0,608.0,159.5,1107,597.0,6409,203018.04300462
삼선동,성북구,4800.0,6370,1926.0,898.0,136.1,1849,981.0,29902,305589.7756708668
동선동,성북구,2531.0,4108,1104.0,506.0,153.5,1936,553.0,22973,189105.14333405264
돈암2동,성북구,4402.0,5243,1488.0,400.0,69.4,398,652.0,49335,288092.379966264
안암동,성북구,2531.0,3645,1189.0,497.0,185.8,1462,618.0,13692,205384.72948863052
보문동,성북구,2492.0,2692,1028.0,539.0,159.1,1303,605.0,26909,193459.38691385865
정릉1동,성북구,3409.0,4076,1458.0,472.0,99.9,732,690.0,43802,223847.18181778144
정릉2동,성북구,4253.0,4886,1688.0,791.0,127.2,900,970.0,21033,275431.75615374115
정릉3동,성북구,3004.0,2901,1054.0,777.0,201.0,667,773.0,4752,199766.72128144035
정릉4동,성북구,4579.0,5808,1956.0,830.0,112.1,929,1046.0,8888,309024.9177034841
길음1동,성북구,5712.0,9264,2457.0,580.0,52.8,968,1057.0,47985,428106.011911106
돈암1동,성북구,2759.0,3301,1831.0,472.0,122.4,394,637.0,34708,184371.77036603141
길음2동,성북구,2280.0,3066,1395.0,448.0,135.3,1296,532.0,22712,190081.68872794046
종암동,성북구,6067.0,7925,4352.0,1258.0,102.3,2048,1572.0,29880,487020.42108589475
월곡1동,성북구,3649.0,5767,2942.0,795.0,90.9,1376,1184.0,35123,318215.93317537004
월곡2동,성북구,3227.0,3908,1989.0,596.0,127.4,1594,930.0,15549,236335.4740902064
장위1동,성북구,3175.0,3377,2031.0,702.0,160.5,1028,1032.0,32247,239621.2621214057
장위2동,성북구,3274.0,2960,1720.0,811.0,190.8,1606,998.0,30646,163220.94601135398
장위3동,성북구,2107.0,1947,1315.0,477.0,139.8,804,688.0,20348,157511.02764944485
석관동,성북구,5206.0,5387,3187.0,1186.0,154.4,2163,1640.0,20273,420006.4295265066
풍납1동,송파구,3538.0,3093,1273.0,549.0,145.2,770,712.0,23421,504675.5765031315
풍납2동,송파구,5110.0,5173,1817.0,484.0,82.9,1182,827.0,16253,796125.1592897078
방이1동,송파구,3502.0,2982,1174.0,257.0,80.5,1326,417.0,32716,530975.1637860239
방이2동,송파구,4205.0,4870,1906.0,541.0,110.5,2969,835.0,31808,842647.7788475871
오륜동,송파구,5297.0,3245,1195.0,191.0,63.9,516,311.0,6219,608202.0692304096
송파1동,송파구,4692.0,5342,2029.0,465.0,106.4,2487,665.0,33819,840815.167019806
송파2동,송파구,4822.0,4161,1594.0,279.0,79.5,936,523.0,41460,671604.0082546929
잠실4동,송파구,6188.0,7727,1459.0,414.0,54.3,503,618.0,19573,719251.9157769991
잠실6동,송파구,4626.0,3029,1062.0,253.0,87.5,2493,342.0,6340,563351.3060768218
거여1동,송파구,3129.0,2798,1169.0,371.0,102.9,881,619.0,28969,426741.3471953918
거여2동,송파구,4158.0,4721,1561.0,637.0,120.9,951,1000.0,36998,548079.5408453132
마천1동,송파구,4042.0,4367,1617.0,816.0,130.2,948,1258.0,39503,669803.5475116097
마천2동,송파구,3806.0,4263,1515.0,623.0,149.1,1373,1145.0,23739,653149.285638091
오금동,송파구,7297.0,7512,2639.0,742.0,108.6,2427,1187.0,22466,1316876.2781417954
가락본동,송파구,5057.0,5808,2076.0,500.0,93.1,3598,761.0,25128,897336.7739187359
가락2동,송파구,6699.0,7757,2500.0,408.0,61.8,1909,898.0,36525,1090404.0375297002
문정1동,송파구,4469.0,4534,1588.0,310.0,95.0,1381,578.0,38679,687390.1908413678
장지동,송파구,6081.0,7704,2625.0,663.0,71.8,1426,1477.0,26156,1096769.9522998868
위례동,송파구,1778.0,3155,662.0,112.0,25.5,329,454.0,6799,909586.3371886407
석촌동,송파구,0.0,6719,2632.0,772.0,101.3,2663,1094.0,37284,1102074.8812750424
삼전동,송파구,0.0,7055,2365.0,643.0,90.4,2050,987.0,35633,1055295.05303958
가락1동,송파구,0.0,154,75.0,14.0,114.6,2865,22.0,685,874734.5613761038
문정2동,송파구,0.0,3755,1283.0,287.0,122.5,3823,464.0,10929,965754.2821558936
잠실본동,송파구,0.0,5937,1958.0,601.0,111.3,3149,838.0,32114,954244.1938340412
잠실2동,송파구,0.0,7011,1995.0,382.0,32.9,821,550.0,16905,1184863.9243721669
잠실3동,송파구,0.0,6679,2126.0,548.0,72.9,1580,713.0,24877,1162100.956406045
잠실7동,송파구,0.0,1726,545.0,219.0,129.5,199,204.0,17527,329355.711645415
목1동,양천구,5982.0,7560,0.0,363.0,41.9,2943,685.0,23376,416833.9076996364
목2동,양천구,5472.0,8047,0.0,602.0,88.0,1139,1007.0,31025,408915.4783857944
목3동,양천구,3943.0,4993,0.0,529.0,112.5,1242,836.0,41519,300445.97781782213
목4동,양천구,4275.0,6661,0.0,527.0,75.0,1326,867.0,49018,351175.84955305856
목5동,양천구,8975.0,10160,0.0,443.0,42.0,1525,730.0,24302,557444.4426628097
신정1동,양천구,3709.0,4343,0.0,351.0,60.7,1099,550.0,31220,280104.70120341174
신정2동,양천구,3697.0,5695,0.0,419.0,71.7,1104,743.0,41331,268876.1088157507
신정6동,양천구,5336.0,6637,0.0,258.0,49.0,738,471.0,26998,328303.27176455123
신정7동,양천구,6269.0,7645,0.0,914.0,104.4,991,1362.0,25979,401503.309306772
신월1동,양천구,4301.0,3521,1902.0,816.0,138.9,1775,1222.0,35889,285271.151804902
신월2동,양천구,4789.0,4039,1910.0,528.0,104.7,1239,1013.0,38593,291125.5970844802
신월3동,양천구,3033.0,2707,1278.0,755.0,126.7,958,901.0,21007,218652.49731533352
신월4동,양천구,4250.0,3670,1489.0,353.0,83.2,1164,875.0,38479,247470.38760505329
신월5동,양천구,3272.0,2740,1427.0,377.0,91.3,1010,745.0,23755,202906.5059092839
신월6동,양천구,2331.0,2092,788.0,172.0,114.7,1460,326.0,19383,86583.48118577978
신월7동,양천구,4692.0,4359,1974.0,755.0,132.2,1391,1129.0,19742,283025.4333273698
신정3동,양천구,9530.0,10287,4113.0,1012.0,74.1,1882,2205.0,19485,629151.6615638963
신정4동,양천구,6351.0,6303,3310.0,1004.0,129.5,3122,1533.0,35954,464513.2369942944
영등포본동,영등포구,4862.0,4786,1549.0,1010.0,121.2,1470,1033.0,25833,1719939.30431477
영등포동,영등포구,3509.0,3611,1009.0,1240.0,215.9,6524,979.0,16613,1868607.4742023163
당산1동,영등포구,4426.0,4951,1152.0,740.0,136.5,3183,808.0,28347,1480418.3639403891
당산2동,영등포구,7214.0,8847,1866.0,686.0,92.4,2306,943.0,23560,2494183.8612893126
도림동,영등포구,3625.0,4226,1085.0,802.0,132.7,984,902.0,25943,1498933.057319903
문래동,영등포구,6703.0,7562,1577.0,832.0,76.5,5403,909.0,21362,2199807.1193406843
양평1동,영등포구,3318.0,3960,922.0,540.0,106.6,3246,745.0,19697,1256177.2076933398
양평2동,영등포구,4350.0,5243,1083.0,434.0,74.0,2154,621.0,7534,1575194.3222437003
신길3동,영등포구,3328.0,2933,970.0,698.0,133.5,985,797.0,37729,1287287.3987994376
여의동,영등포구,8150.0,6062,1578.0,991.0,113.6,7966,716.0,4044,2379791.9639036166
신길1동,영등포구,3098.0,3675,1691.0,1022.0,193.4,1176,932.0,33085,1357973.6073524514
신길4동,영등포구,2006.0,2188,1123.0,524.0,186.3,491,550.0,33017,693922.4485214099
신길5동,영등포구,2395.0,2516,1425.0,548.0,162.5,655,671.0,32609,747332.8651106395
신길6동,영등포구,3614.0,4442,2150.0,713.0,131.6,1277,857.0,31549,1348544.1910216212
신길7동,영등포구,2507.0,2601,1095.0,330.0,72.7,533,345.0,20361,1176405.7220916422
대림1동,영등포구,2357.0,2650,1672.0,688.0,175.8,1128,755.0,36510,1135590.8032289965
대림2동,영등포구,2087.0,2502,1671.0,667.0,146.1,1390,718.0,41869,1493908.6238005557
대림3동,영등포구,4017.0,5618,2651.0,774.0,119.4,2807,1138.0,30621,1987679.6658252128
후암동,용산구,2869.0,4074,1176.0,785.0,140.9,840,840.0,22451,780401.8045953085
용산2가동,용산구,2013.0,2438,823.0,493.0,180.7,574,491.0,6503,497812.78644347296
남영동,용산구,1407.0,1559,584.0,701.0,323.7,1673,577.0,7363,358537.97255386977
청파동,용산구,2998.0,4356,1518.0,786.0,178.7,1915,830.0,24080,871624.703843846
원효로1동,용산구,2369.0,3034,945.0,389.0,95.5,1843,454.0,24944,693049.9877872068
원효로2동,용산구,2809.0,3125,1060.0,442.0,106.3,1190,522.0,21848,621855.7324696211
효창동,용산구,1716.0,2104,756.0,247.0,128.2,469,325.0,21741,428301.610447816
용문동,용산구,2217.0,2889,978.0,345.0,117.7,682,451.0,45936,532231.7585769157
한강로동,용산구,3092.0,2638,764.0,715.0,171.1,4892,499.0,5677,820669.4773724534
이촌1동,용산구,6288.0,4984,1603.0,645.0,79.7,823,543.0,10187,1230793.831143439
이촌2동,용산구,2193.0,1884,650.0,353.0,163.2,340,357.0,7689,379744.7720101719
이태원1동,용산구,1517.0,1365,379.0,327.0,213.0,1714,246.0,15449,382311.4679761132
이태원2동,용산구,1833.0,1911,496.0,409.0,181.4,733,344.0,12795,454936.34071733843
한남동,용산구,3353.0,3412,1090.0,793.0,147.6,2055,666.0,7785,993016.7999379564
서빙고동,용산구,3298.0,2017,763.0,428.0,107.1,415,393.0,5181,594211.1546069415
보광동,용산구,2916.0,2910,1027.0,662.0,201.9,836,651.0,23927,668897.7995175293
녹번동,은평구,5562.0,6937,0.0,1419.0,151.5,1900,1407.0,18474,308447.18872632197
응암1동,은평구,4777.0,6601,0.0,868.0,110.4,1680,1189.0,23158,208123.84737503575
응암2동,은평구,3399.0,4564,0.0,664.0,86.8,610,726.0,25605,193048.26671109657
응암3동,은평구,4556.0,5546,0.0,1363.0,198.6,1815,1277.0,43098,211729.05326035307
증산동,은평구,3543.0,4502,0.0,644.0,143.9,1130,798.0,23978,131387.92928239526
수색동,은평구,3246.0,3535,0.0,721.0,185.7,727,871.0,12440,73510.63300689691
신사1동,은평구,4638.0,6576,0.0,756.0,123.6,1290,1133.0,33821,231654.6866848089
신사2동,은평구,3576.0,4763,0.0,701.0,121.7,1639,918.0,22255,177819.10104307433
역촌동,은평구,7264.0,10441,0.0,1477.0,115.7,2523,2087.0,43624,395141.8818205567
갈현2동,은평구,0.0,4480,3395.0,881.0,120.0,1594,1196.0,32219,244402.24202370012
구산동,은평구,0.0,4668,3907.0,948.0,130.1,1209,2280.0,24857,273567.22595694003
갈현1동,은평구,0.0,3954,3075.0,993.0,156.8,1419,1115.0,26777,200210.1779541261
진관동,은평구,0.0,9906,6155.0,903.0,62.2,1539,1855.0,4667,469145.6035247728
불광1동,은평구,0.0,7103,5529.0,1576.0,128.1,1640,1597.0,13685,331808.2761894771
불광2동,은평구,0.0,4203,3835.0,1392.0,191.3,1347,1451.0,21653,239075.2674083993
대조동,은평구,0.0,4909,4107.0,1322.0,158.4,2553,1452.0,39394,240756.6190320452
청운효자동,종로구,2852.0,3760,370.0,429.0,118.0,1009,526.0,5491,2253477.740083508
사직동,종로구,2486.0,2383,263.0,383.0,144.8,3489,315.0,8141,1669880.3727127598
삼청동,종로구,680.0,707,85.0,156.0,221.3,751,126.0,2093,518695.8312354169
부암동,종로구,2175.0,2806,252.0,319.0,156.6,575,334.0,4865,1811906.2807012158
평창동,종로구,4619.0,4571,387.0,615.0,138.7,708,573.0,2194,3241633.7544516763
무악동,종로구,1840.0,2241,248.0,205.0,97.9,573,300.0,23656,1505474.6246776376
교남동,종로구,852.0,1166,117.0,253.0,206.0,302,247.0,13566,1855633.0451000857
가회동,종로구,1107.0,1359,172.0,196.0,198.6,770,182.0,8852,772448.7868414589
종로1.2.3.4가동,종로구,1590.0,1672,177.0,1089.0,368.0,15970,392.0,3714,1485677.0738671252
종로5·6가동,종로구,1106.0,1374,157.0,415.0,369.2,7691,838.0,9625,984196.5042060666
이화동,종로구,1476.0,2663,292.0,305.0,187.4,1248,318.0,11445,1474659.3064595358
혜화동,종로구,3458.0,5514,559.0,612.0,154.2,1736,572.0,18219,3606252.994596586
창신1동,종로구,1036.0,1511,165.0,414.0,273.9,2273,300.0,21258,1049786.650804372
창신2동,종로구,1525.0,2830,300.0,428.0,212.8,872,517.0,41158,1691399.4496807074
창신3동,종로구,1434.0,2234,249.0,215.0,127.3,283,325.0,33709,1260501.452474518
숭인1동,종로구,1218.0,1798,185.0,373.0,152.4,533,282.0,30909,1138445.2479123173
숭인2동,종로구,1594.0,2521,311.0,667.0,263.8,1881,472.0,28994,1716705.8841950141
응봉동,중구,3262.0,3483,1093.0,423.0,88.2,375,536.0,29686,547538.9966269395
성수1가1동,중구,2952.0,3302,1067.0,452.0,99.0,1546,612.0,8703,584754.6432426354
성수1가2동,중구,3150.0,4050,1175.0,442.0,108.7,2198,577.0,19128,508939.9941533618
성수2가1동,중구,3583.0,3274,1238.0,677.0,144.8,2626,862.0,16422,606618.4138745221
성수2가3동,중구,2410.0,2384,790.0,335.0,146.5,5056,455.0,11788,395606.03496739385
왕십리도선동,중구,3827.0,4350,1311.0,685.0,100.7,1906,888.0,31775,940614.5025860128
왕십리2동,중구,2836.0,3536,1116.0,546.0,117.1,780,653.0,41261,605741.1638183044
행당1동,중구,2975.0,3244,879.0,511.0,142.4,1451,557.0,24929,562081.1033280864
행당2동,중구,4778.0,6198,1462.0,616.0,83.5,582,879.0,61305,835007.0919721159
마장동,중구,5008.0,5064,1426.0,734.0,133.0,3238,1133.0,23178,814391.7156510006
사근동,중구,1940.0,2810,658.0,338.0,168.3,1088,403.0,11461,459881.47177872725
송정동,중구,2058.0,2159,784.0,361.0,140.6,695,536.0,17654,389566.5057342029
용답동,중구,2801.0,3190,1040.0,665.0,177.3,2055,806.0,7353,457924.5293456262
소공동,중구,241.0,158,183.0,54.0,71.6,3929,38.0,2733,1084081.9191368548
회현동,중구,1065.0,385,720.0,461.0,350.0,9697,336.0,7295,2087703.2426333388
명동,중구,546.0,303,362.0,157.0,288.1,6778,117.0,3560,1245003.1104175963
필동,중구,929.0,538,756.0,228.0,215.5,3159,190.0,4491,1799326.7715328946
장충동,중구,826.0,732,873.0,187.0,178.7,911,213.0,4298,2003682.4436460487
광희동,중구,1028.0,398,770.0,352.0,285.3,9380,251.0,8150,2214802.502118349
을지로동,중구,409.0,138,271.0,224.0,549.4,9442,99.0,3043,712752.7100531965
신당동,중구,1349.0,688,1345.0,385.0,199.8,12117,377.0,17144,3323805.8446836383
다산동,중구,2588.0,1522,2862.0,503.0,173.2,1387,670.0,31286,5367006.545480489
약수동,중구,3594.0,2009,3693.0,755.0,155.7,854,888.0,39158,6322921.1441282565
청구동,중구,2961.0,1774,2871.0,601.0,150.9,765,658.0,44803,5196116.784828373
신당5동,중구,1578.0,891,1864.0,411.0,146.8,1283,459.0,26062,3861396.550068417
동화동,중구,2166.0,1130,2183.0,256.0,113.5,970,443.0,44777,3939008.983031252
황학동,중구,1950.0,1257,2116.0,514.0,143.6,1963,542.0,40052,4866441.954903668
중림동,중구,1581.0,992,1548.0,440.0,179.6,1005,438.0,18546,4630756.493337627
금호1가동,중구,2394.0,1722,1997.0,512.0,129.4,535,620.0,29172,538968.9383854284
금호2.3가동,중구,3741.0,2550,3766.0,654.0,119.5,1008,968.0,39122,819857.6583089724
금호4가동,중구,2378.0,1842,2353.0,478.0,102.2,617,499.0,17330,515654.3311221048
옥수동,중구,4366.0,2936,3423.0,596.0,91.1,825,680.0,12741,919897.905104565
면목본동,중랑구,4798.0,8270,2095.0,1324.0,150.9,2498,1646.0,36474,360261.1176444365
면목2동,중랑구,3516.0,5818,1589.0,1012.0,127.4,2053,1279.0,37567,259966.06044935805
면목3.8동,중랑구,3836.0,6687,1509.0,1125.0,169.1,2090,1272.0,16849,265661.1419846648
면목4동,중랑구,3085.0,5374,1353.0,892.0,142.0,1102,1271.0,19961,201136.76270506426
면목5동,중랑구,1434.0,2628,633.0,405.0,137.0,873,529.0,16913,98158.15923680457
면목7동,중랑구,3340.0,5843,1239.0,854.0,164.2,1512,1035.0,26847,217794.62771932952
상봉2동,중랑구,2542.0,4012,1117.0,777.0,178.1,2131,861.0,28015,196077.78102710415
망우3동,중랑구,2568.0,3942,975.0,794.0,147.2,1107,957.0,18930,179151.56138552068
상봉1동,중랑구,4110.0,5309,1623.0,721.0,91.7,1124,1420.0,30767,254728.1756865193
중화1동,중랑구,3479.0,4430,1524.0,591.0,115.6,1061,861.0,31301,208730.2047521398
중화2동,중랑구,4508.0,4851,1964.0,1380.0,206.6,2126,1510.0,29161,278234.05322753213
묵1동,중랑구,5769.0,7291,2472.0,852.0,106.5,1471,1337.0,28763,358432.33055456495
묵2동,중랑구,3168.0,3888,1351.0,652.0,129.7,1815,869.0,28929,199715.47708630527
망우본동,중랑구,6104.0,5647,2040.0,1292.0,156.4,3871,1722.0,11470,310605.5725303138
신내1동,중랑구,7003.0,8803,2452.0,794.0,81.7,1945,1892.0,16610,404897.4373216833
신내2동,중랑구,4508.0,5982,1610.0,719.0,100.3,1136,1421.0,23748,219603.53668865905
신사동,강남구,5826.0,2436,0.0,361.0,92.8,4423,825.5,10744,1790880.8734531137
신사동,관악구,3501.0,0,3951.0,607.0,94.5,1498,415.0,49474,228961.48511184665
논현1동,강남구,4764.0,4152,0.0,443.0,113.8,5049,692.0,21321,2362019.188121032
논현2동,강남구,5199.0,3338,0.0,354.0,94.6,5086,555.0,15519,1986966.507371799
압구정동,강남구,10132.0,2406,0.0,619.0,82.1,3983,519.0,11711,2563032.900140849
청담동,강남구,8772.0,3878,0.0,463.0,72.3,3672,673.0,13644,2757389.3838486117
삼성1동,강남구,4550.0,1982,0.0,225.0,77.6,3657,367.0,8345,1410986.572113296
삼성2동,강남구,7897.0,4624,0.0,421.0,51.1,3054,670.0,26388,2829581.405154653
역삼1동,강남구,6115.0,5560,0.0,533.0,108.4,11473,824.0,15402,3184748.85847827
역삼2동,강남구,8076.0,4932,0.0,451.0,45.3,2799,707.0,30852,3023159.771267501
도곡1동,강남구,6872.0,3583,0.0,342.0,63.2,1426,452.0,22527,2016016.2309153085
도곡2동,강남구,11890.0,3252,0.0,409.0,54.1,1698,499.0,33754,2983908.061479545
대치1동,강남구,6916.0,2077,0.0,146.0,37.8,1040,250.0,26080,1807048.427925245
대치2동,강남구,13915.0,6028,0.0,431.0,56.5,3200,750.0,21597,3741794.598927165
대치4동,강남구,4454.0,3664,0.0,298.0,73.6,3272,426.0,30568,1927743.1126476813
개포1동,강남구,6878.0,4436,0.0,541.0,91.0,448,685.0,18388,2033480.6480456325
개포2동,강남구,9177.0,6951,0.0,471.0,46.5,1047,811.0,13944,3051950.122279372
개포4동,강남구,5424.0,4559,0.0,358.0,58.2,3307,669.0,16038,2086046.814457696
일원본동,강남구,6988.0,4130,0.0,300.0,39.4,481,584.0,8996,2016621.433489132
일원1동,강남구,4264.0,4299,0.0,493.0,98.3,868,1107.0,20602,1639147.9424446062
일원2동,강남구,5146.0,4262,0.0,455.0,71.0,573,1180.0,15494,1675805.9269161774
수서동,강남구,4510.0,4031,0.0,785.0,196.6,1492,2051.0,11770,1485772.3187357225
세곡동,강남구,2904.0,2136,0.0,252.0,77.0,400,754.0,2264,977142.7841926756
강일동,강동구,6402.0,7563,0.0,329.0,45.5,603,1545.0,12393,431810.6127126882
상일동,강동구,6735.0,5444,0.0,412.0,60.7,1237,991.0,10493,355085.2376705121
명일1동,강동구,7119.0,5508,0.0,467.0,54.7,1650,843.0,46954,363744.9295558251
명일2동,강동구,5649.0,3526,0.0,201.0,56.5,1265,494.0,19654,240426.3726642459
고덕1동,강동구,4329.0,4012,0.0,330.0,49.4,577,575.0,10149,258881.8676151609
고덕2동,강동구,3802.0,3566,0.0,423.0,83.4,1927,923.0,9036,231993.9030149906
암사1동,강동구,7458.0,7920,0.0,821.0,75.6,1947,1617.0,38994,498222.622929353
암사2동,강동구,3412.0,3829,0.0,824.0,47.1,784,496.0,14008,208855.10530977364
암사3동,강동구,5020.0,4019,0.0,232.0,42.3,575,572.0,7603,242307.2678405019
길동,강동구,10310.0,10470,0.0,508.0,73.4,3868,1950.0,31914,652708.496533524
천호1동,강동구,5686.0,6832,0.0,194.0,89.5,1555,1371.0,45089,410540.0867261685
천호2동,강동구,6563.0,8309,0.0,186.0,98.0,3404,1847.0,24510,486722.6530933176
천호3동,강동구,4972.0,6021,0.0,692.0,117.6,1862,1338.0,34139,343850.36044321075
성내1동,강동구,4039.0,4898,0.0,1023.0,58.2,2137,588.0,34736,260346.1886919777
성내2동,강동구,4940.0,6552,0.0,760.0,104.1,1954,1151.0,40540,345137.95311420487
성내3동,강동구,4598.0,6019,0.0,255.0,74.1,2372,890.0,36089,321405.852903726
둔촌1동,강동구,5102.0,4243,0.0,665.0,49.6,402,455.0,22020,256849.4909481997
둔촌2동,강동구,6186.0,6928,0.0,453.0,65.4,1575,1003.0,19256,376469.3747750607
번1동,강북구,3430.0,4539,0.0,604.0,117.8,1797,944.0,38585,158525.36860533973
번2동,강북구,3484.0,4636,0.0,617.0,120.3,669,1355.0,15902,150130.12991426585
수유1동,강북구,4152.0,4990,0.0,762.0,123.1,1601,1181.0,22016,178499.47557992843
수유2동,강북구,4991.0,5423,0.0,676.0,132.9,1340,1069.0,31982,175524.6085837131
수유3동,강북구,4424.0,5210,0.0,767.0,144.6,2484,1143.0,28141,181429.60773409548
우이동,강북구,4426.0,4472,0.0,671.0,138.1,979,982.0,1985,162812.45763497337
인수동,강북구,6283.0,7073,0.0,1100.0,130.5,1623,1669.0,11579,252975.53178342475
삼양동,강북구,5135.0,6654,0.0,990.0,92.7,1255,1641.0,33549,239801.1208001853
미아동,강북구,4366.0,5497,0.0,739.0,131.5,1952,1118.0,33719,188572.27084781547
송중동,강북구,6041.0,7505,0.0,941.0,123.8,1994,1598.0,27867,263204.898998481
송천동,강북구,5684.0,7165,0.0,1184.0,138.8,2246,1662.0,36697,242858.00167348929
삼각산동,강북구,5918.0,7695,0.0,505.0,41.3,730,1237.0,55713,251946.63041631266
번3동,강북구,3994.0,5212,0.0,607.0,126.0,815,2042.0,24778,160023.98581395947
등촌2동,강서구,4910.0,4600,0.0,309.0,68.7,734,718.0,24189,308003.2350066498
화곡본동,강서구,5112.0,7865,0.0,605.0,56.3,1377,1455.0,33339,506234.4021435836
화곡1동,강서구,8336.0,10625,0.0,901.0,93.7,3016,2127.0,46745,720433.1631209742
화곡2동,강서구,3166.0,4051,0.0,350.0,60.0,863,809.0,43960,284154.63991446525
화곡3동,강서구,5647.0,4713,0.0,391.0,91.2,1196,870.0,47573,333866.6252014499
화곡4동,강서구,3715.0,4627,0.0,493.0,79.7,1471,944.0,28543,319694.5290374736
화곡6동,강서구,5156.0,5087,0.0,439.0,69.8,1773,995.0,22924,346092.45670847787
화곡8동,강서구,4323.0,5952,0.0,515.0,75.6,1216,1057.0,52347,381550.1092966856
우장산동,강서구,8221.0,7973,0.0,535.0,48.1,1621,1207.0,29300,545899.8240957571
발산1동,강서구,5739.0,6766,0.0,463.0,41.9,2114,1314.0,11239,456330.5316087308
염창동,강서구,9398.0,10096,0.0,453.0,37.4,2156,1221.0,24537,584427.6406498554
등촌1동,강서구,4756.0,4928,0.0,486.0,70.2,1679,770.0,38485,306783.3930737737
등촌3동,강서구,8449.0,8634,0.0,1236.0,92.9,2225,3678.0,47457,517075.9186481342
가양1동,강서구,4914.0,4677,0.0,256.0,54.9,1037,653.0,4399,286580.61769108404
가양2동,강서구,4534.0,4225,0.0,716.0,203.3,629,2291.0,17967,249245.2308915952
가양3동,강서구,4141.0,4676,0.0,622.0,117.2,777,1640.0,19037,261347.70759642211
공항동,강서구,4073.0,4050,0.0,618.0,97.2,1835,983.0,2061,308181.4141653845
방화1동,강서구,7093.0,6343,0.0,616.0,70.3,1927,1269.0,29957,428973.1776983858
방화2동,강서구,5899.0,5269,0.0,3146.0,109.3,3106,1548.0,4073,359524.4240592484
방화3동,강서구,6399.0,6556,0.0,841.0,94.5,844,1969.0,11546,379357.1350353353
보라매동,관악구,0.0,5732,0.0,693.0,102.9,1280,825.5,36340,260629.25633046444
은천동,관악구,0.0,7906,0.0,771.0,77.8,1633,825.5,45250,327236.5519267507
성현동,관악구,0.0,7237,0.0,800.0,74.1,857,825.5,53851,305803.94433403976
중앙동,관악구,0.0,3416,0.0,454.0,138.3,1443,825.5,47747,134203.11554276693
청림동,관악구,0.0,3990,0.0,463.0,68.6,393,825.5,21884,154236.04263962738
행운동,관악구,0.0,7052,0.0,742.0,113.7,1435,825.5,44609,266656.6304657207
청룡동,관악구,0.0,7772,0.0,845.0,115.4,1986,825.5,63724,302269.75108201714
낙성대동,관악구,0.0,4332,0.0,410.0,87.9,1242,825.5,46992,160079.70870980324
인헌동,관악구,0.0,6352,0.0,537.0,82.5,1123,825.5,41694,253097.2256621689
남현동,관악구,0.0,3900,0.0,346.0,92.8,795,825.5,15566,160158.44073769485
신림동,관악구,0.0,4406,0.0,378.0,133.6,1752,825.5,36802,233939.098875215
조원동,관악구,2864.0,0,2836.0,498.0,113.7,2176,825.5,14625,169685.0161125774
미성동,관악구,5802.0,0,4787.0,736.0,86.9,1612,825.5,4378,303896.8796584434
난곡동,관악구,4525.0,0,4053.0,860.0,100.2,936,825.5,31878,275518.35760507424
난향동,관악구,2456.0,0,2716.0,409.0,62.0,379,825.5,26715,157394.07175839008
서원동,관악구,3164.0,0,4858.0,474.0,121.0,1267,825.5,13486,215095.90019982745
신원동,관악구,2955.0,0,3242.0,581.0,128.9,887,825.5,13388,178940.4033913889
서림동,관악구,3532.0,0,5228.0,532.0,124.9,844,825.5,7620,218997.50958201074
삼성동,관악구,4691.0,0,4929.0,1065.0,135.1,1160,825.5,9741,262667.5410525468
대학동,관악구,2995.0,0,5575.0,424.0,117.3,1596,825.5,24569,206636.58120303086
중곡1동,광진구,3091.0,4192,0.0,365.0,105.1,1631,695.0,27813,246085.2160048461
중곡2동,광진구,4228.0,5425,0.0,405.0,78.5,1725,895.0,42244,327723.72570110514
중곡3동,광진구,3511.0,4370,0.0,401.0,88.6,1374,807.0,31843,271254.6236205062
중곡4동,광진구,6439.0,7575,0.0,652.0,84.3,1550,1319.0,13914,454035.82002314366
능동,광진구,2195.0,2836,0.0,242.0,107.8,715,405.0,10298,160218.92227460176
구의2동,광진구,5380.0,6289,0.0,559.0,77.6,1330,1181.0,19960,384460.58743718977
광장동,광진구,8222.0,7259,0.0,457.0,36.9,1332,771.0,15523,503613.6341283464
군자동,광진구,3848.0,5073,0.0,484.0,105.7,1627,828.0,30036,315223.5775739548
구의1동,광진구,3534.0,5703,0.0,497.0,97.1,1835,827.0,42048,336559.7943321347
구의3동,광진구,6262.0,7241,0.0,473.0,66.0,2630,824.0,29447,427851.7442393272
자양1동,광진구,3552.0,5777,0.0,620.0,93.6,1705,941.0,45902,386053.0527566577
자양2동,광진구,4971.0,6835,0.0,470.0,69.3,1561,1037.0,17330,413660.48249858257
자양3동,광진구,6424.0,7575,0.0,477.0,53.3,1316,859.0,26913,456600.6756704282
자양4동,광진구,3843.0,6119,0.0,714.0,125.0,2056,1111.0,24878,417493.6733560628
화양동,광진구,2920.0,5257,0.0,443.0,132.3,2441,687.0,20681,342816.9147024332
고척1동,구로구,5464.0,6143,0.0,521.0,77.6,2476,1111.0,22128,589297.5141468835
고척2동,구로구,5958.0,7657,0.0,672.0,69.2,1456,1334.0,30951,713550.9482497522
개봉1동,구로구,6959.0,8293,0.0,789.0,88.4,1714,1521.0,26534,800011.762351967
개봉2동,구로구,7803.0,9162,0.0,571.0,75.0,1168,1339.0,43916,793395.7881072483
개봉3동,구로구,4291.0,5225,0.0,307.0,76.4,1046,924.0,27858,503810.97022454155
오류1동,구로구,4647.0,5072,0.0,628.0,99.4,1122,1026.0,36573,489310.2047566649
오류2동,구로구,8193.0,9734,0.0,659.0,60.8,1371,1849.0,8886,910421.4969222221
수궁동,구로구,5863.0,5792,0.0,560.0,70.8,1129,1193.0,9730,590838.2204778454
신도림동,구로구,7280.0,10655,0.0,425.0,46.5,2490,1056.0,26107,865831.6431085012
구로1동,구로구,3675.0,6883,0.0,274.0,42.0,715,586.0,22863,530388.1544336344
구로2동,구로구,5071.0,7790,0.0,1027.0,122.6,7722,1602.0,22488,930699.911131206
구로3동,구로구,3328.0,8611,0.0,2237.0,67.5,5592,944.0,28380,660713.7840761764
구로4동,구로구,3717.0,7293,0.0,769.0,96.7,1951,1310.0,66283,707931.9016309498
구로5동,구로구,5272.0,8853,0.0,3115.0,75.7,4555,1169.0,34249,804769.826021114
가리봉동,구로구,1894.0,3334,0.0,692.0,181.4,1016,857.0,50898,507186.9296850317
가산동,금천구,2755.0,4876,0.0,588.0,117.5,10942,834.0,9560,1213192.590573555
독산1동,금천구,4711.0,7375,0.0,693.0,93.3,3280,1707.0,17116,1807315.2702507388
독산2동,금천구,3160.0,4930,0.0,561.0,85.4,1245,945.0,39426,1182324.0321000079
독산3동,금천구,4123.0,5908,0.0,744.0,103.2,2233,1278.0,34513,1551921.6308045052
독산4동,금천구,2509.0,4020,0.0,399.0,82.3,1047,768.0,34527,988182.1549078884
시흥1동,금천구,5422.0,7275,0.0,967.0,94.1,3087,1605.0,22448,1848279.206338276
시흥2동,금천구,4225.0,5944,0.0,434.0,67.2,534,1173.0,20029,1227462.0185471757
시흥3동,금천구,2242.0,2857,0.0,339.0,113.9,3169,620.0,11982,623923.4578261741
시흥4동,금천구,3553.0,4887,0.0,547.0,82.5,908,1031.0,28174,1196593.4600736287
시흥5동,금천구,3677.0,4928,0.0,776.0,105.6,1206,1249.0,17341,1188682.17857805
월계1동,노원구,5359.0,4633,0.0,626.0,96.7,1387,1001.0,20143,180095.37515893005
월계2동,노원구,6710.0,5822,0.0,1109.0,94.7,1055,2216.0,15814,231003.0061939416
월계3동,노원구,8361.0,7597,0.0,825.0,70.9,939,1987.0,30757,268813.3305249514
공릉1동,노원구,8534.0,8211,0.0,930.0,81.7,2536,2231.0,28691,302341.8430488837
공릉2동,노원구,10611.0,8709,0.0,686.0,49.1,1780,1564.0,6930,348012.03299807553
상계1동,노원구,7918.0,0,10584.0,1647.0,80.7,2795,1954.0,7893,330840.3378963356
상계2동,노원구,4194.0,0,5248.0,483.0,88.6,2195,913.0,37043,169827.91639662994
상계3.4동,노원구,6760.0,0,9096.0,1450.0,118.8,1721,2180.0,6988,295978.3891695072
상계5동,노원구,4104.0,0,5776.0,631.0,93.9,1306,1106.0,55450,182614.08798662265
상계8동,노원구,4100.0,0,7448.0,396.0,36.9,590,804.0,40927,203919.4353173405
상계9동,노원구,4151.0,0,6670.0,482.0,51.5,730,777.0,30637,185117.98485650533
상계10동,노원구,3610.0,0,5516.0,393.0,56.9,460,592.0,25889,154767.49528280887
하계1동,노원구,7331.0,6635,0.0,869.0,83.7,891,2142.0,19921,229351.02689813141
하계2동,노원구,5550.0,5961,0.0,502.0,55.6,370,1084.0,50812,193007.48239030736
중계본동,노원구,6613.0,5967,0.0,495.0,46.5,1167,994.0,15234,225617.4055300223
중계1동,노원구,6400.0,6445,0.0,401.0,32.5,895,840.0,48395,227047.1454586832
중계2.3동,노원구,8775.0,10068,0.0,1256.0,86.5,1161,3310.0,24951,315550.2694364601
중계4동,노원구,4965.0,5302,0.0,614.0,83.0,994,1343.0,25110,170183.4993840689
상계6.7동,노원구,7581.0,8838,0.0,884.0,54.9,1892,1261.0,33516,278102.9360717943
쌍문1동,도봉구,3895.0,5200,0.0,261.0,110.5,921,1009.0,18000,149765.39812060926
쌍문3동,도봉구,3076.0,4638,0.0,464.0,109.7,910,795.0,37534,125253.3877531548
창1동,도봉구,4858.0,7691,0.0,638.0,77.4,1062,1064.0,32569,191173.77936922913
창2동,도봉구,4975.0,7632,0.0,592.0,76.2,1328,1205.0,29644,211858.06849662366
창3동,도봉구,2449.0,3628,0.0,425.0,95.6,945,713.0,24013,106346.96568353502
창4동,도봉구,5701.0,8319,0.0,479.0,61.9,1138,1007.0,32184,205854.45026048124
창5동,도봉구,5473.0,7097,0.0,308.0,77.8,2115,993.0,39877,186430.58927106136
쌍문2동,도봉구,4182.0,4765,0.0,421.0,101.2,1210,952.0,40235,145605.9852652929
쌍문4동,도봉구,4740.0,4979,0.0,375.0,64.9,584,637.0,41919,144856.3622148132
방학1동,도봉구,6623.0,7010,0.0,302.0,93.2,2358,1407.0,47026,215427.07027678352
방학2동,도봉구,4261.0,5022,0.0,712.0,102.1,1327,1120.0,32374,160658.1507656323
방학3동,도봉구,6703.0,7499,0.0,438.0,64.9,918,1023.0,12161,214345.75561104735
도봉1동,도봉구,5391.0,5290,0.0,727.0,172.0,1675,1535.0,2825,166117.7947527541
도봉2동,도봉구,7262.0,7758,0.0,530.0,111.1,1402,1512.0,37847,209735.24215898206
용신동,동대문구,6009.0,6583,0.0,873.0,146.8,5468,1617.0,20871,564011.1178037493
제기동,동대문구,5672.0,5867,0.0,1199.0,150.5,4722,1401.0,24978,495152.58389454865
청량리동,동대문구,5850.0,4798,0.0,1177.0,180.2,1731,1423.0,21198,428539.9794556893
회기동,동대문구,2173.0,2392,0.0,184.0,111.9,989,381.0,16663,211533.28307694747
휘경1동,동대문구,3126.0,3480,0.0,463.0,136.1,1045,746.0,28133,301204.0967446428
휘경2동,동대문구,5119.0,5766,0.0,391.0,76.9,1099,852.0,25135,436908.1462970345
이문1동,동대문구,5901.0,6656,0.0,880.0,117.5,1501,1321.0,32471,572146.3734407629
이문2동,동대문구,4529.0,5258,0.0,341.0,76.6,734,983.0,34309,394069.12121460115
전농1동,동대문구,5275.0,6180,0.0,1290.0,149.3,2206,1579.0,22900,462228.9215108068
전농2동,동대문구,4756.0,5427,0.0,428.0,86.8,782,946.0,25294,362027.19410440064
답십리1동,동대문구,4008.0,4824,0.0,590.0,107.0,2098,958.0,23933,349865.9019353681
답십리2동,동대문구,6622.0,8428,0.0,817.0,89.0,1854,1564.0,40230,540620.178283011
장안1동,동대문구,7689.0,9142,0.0,774.0,84.4,4543,1516.0,30503,634433.4840848912
장안2동,동대문구,6736.0,8033,0.0,399.0,70.7,3109,1297.0,30599,549021.6181535464
노량진1동,동작구,7535.0,9021,0.0,1325.0,99.4,2881,1342.0,22157,421338.1881621472
노량진2동,동작구,3105.0,3898,0.0,536.0,150.9,1060,695.0,25688,204681.48632588878
상도2동,동작구,5599.0,6282,0.0,236.0,90.5,1281,1002.0,27043,315503.17540833924
상도3동,동작구,4627.0,6634,0.0,451.0,104.7,992,1130.0,41642,302652.89409991447
상도4동,동작구,5408.0,7235,0.0,663.0,92.9,1021,1314.0,40087,362361.1508137799
대방동,동작구,8230.0,10110,0.0,814.0,67.9,1653,1644.0,26319,490096.7829243902
신대방1동,동작구,5418.0,6711,0.0,497.0,67.3,1018,871.0,46663,355660.3044971665
신대방2동,동작구,4141.0,5181,0.0,417.0,71.8,1263,775.0,20807,255770.94428904765
상도1동,동작구,9746.0,8394,0.0,813.0,88.5,1670,1529.0,28998,488011.00965231383
흑석동,동작구,8343.0,6461,0.0,1084.0,120.0,1619,1388.0,21746,418473.2467137205
사당1동,동작구,5152.0,5593,0.0,487.0,118.3,1808,810.0,30837,295268.7772286555
사당2동,동작구,7774.0,6426,0.0,402.0,103.8,1553,936.0,10927,361989.54752967437
사당3동,동작구,7039.0,5389,0.0,517.0,93.4,1011,840.0,28691,316198.433165698
사당4동,동작구,3490.0,3518,0.0,355.0,106.6,698,588.0,40474,185729.71883650488
사당5동,동작구,3478.0,3578,0.0,378.0,80.2,494,567.0,27389,188762.48112291482
공덕동,마포구,6719.0,9014,0.0,1182.0,112.1,2536,1595.0,36773,1303320.5846792848
아현동,마포구,4011.0,4636,0.0,540.0,108.1,1741,719.0,25586,678999.3922803066
도화동,마포구,5484.0,5957,0.0,601.0,98.2,1879,840.0,38257,834391.4211336164
용강동,마포구,4107.0,4776,0.0,419.0,69.8,2398,549.0,23015,674852.3522638133
대흥동,마포구,2340.0,3653,0.0,561.0,187.1,1563,595.0,18056,559118.5716354568
염리동,마포구,3107.0,4418,0.0,562.0,112.2,759,763.0,41970,648820.092664481
신수동,마포구,4504.0,5912,0.0,495.0,85.7,1397,773.0,28511,826620.0772371624
서강동,마포구,4492.0,6148,0.0,465.0,73.2,1351,714.0,17666,901022.8540036607
서교동,마포구,4495.0,7013,0.0,600.0,128.8,8003,811.0,17873,1012435.3492366795
합정동,마포구,3331.0,4949,0.0,487.0,87.9,1812,675.0,12192,733851.837540479
망원1동,마포구,3899.0,5887,0.0,596.0,92.0,1362,979.0,21521,869832.9311905385
망원2동,마포구,3502.0,5187,0.0,443.0,76.8,1224,851.0,31866,753715.8107287246
연남동,마포구,3360.0,4733,0.0,497.0,125.3,1150,678.0,31157,713046.9393064745
성산1동,마포구,3254.0,4855,0.0,454.0,92.2,1579,766.0,26715,742320.16295231
성산2동,마포구,6849.0,10038,0.0,938.0,67.2,1660,1968.0,19773,1441741.1136331637
상암동,마포구,5546.0,7912,0.0,376.0,42.6,1639,1286.0,4004,1166537.962286542
충현동,서대문구,4335.0,4836,0.0,173.0,138.4,1613,786.0,19212,449489.7778852324
천연동,서대문구,4549.0,5297,0.0,297.0,96.4,793,850.0,21090,435300.2683119613
북아현동,서대문구,2163.0,2823,0.0,942.0,126.0,674,461.0,24407,246664.50447744536
신촌동,서대문구,3285.0,4592,0.0,330.0,106.7,3732,549.0,8208,459888.35878146533
연희동,서대문구,8811.0,10403,0.0,869.0,115.1,2022,1527.0,14236,929095.2014617951
홍제1동,서대문구,5981.0,7197,0.0,781.0,109.8,1112,1072.0,22635,598966.7309720195
홍제2동,서대문구,3841.0,4093,0.0,366.0,98.8,571,626.0,15025,343131.9912031914
홍제3동,서대문구,4485.0,4618,0.0,331.0,131.7,1207,952.0,24746,436740.3976417858
홍은1동,서대문구,6205.0,5674,0.0,1212.0,109.0,980,1182.0,16929,572239.624880276
홍은2동,서대문구,6550.0,5978,0.0,867.0,104.7,1130,1263.0,14612,643271.8862366212
남가좌1동,서대문구,875.0,850,0.0,356.0,155.7,644,166.0,8245,92782.449911195
남가좌2동,서대문구,6669.0,6630,0.0,709.0,109.2,1489,1460.0,39708,665170.323398953
북가좌1동,서대문구,2281.0,2310,0.0,847.0,70.8,461,559.0,31606,221271.63585303945
북가좌2동,서대문구,7066.0,7787,0.0,720.0,95.9,2225,1448.0,40362,738447.4922400245
잠원동,서초구,9465.0,5017,0.0,617.0,49.8,2231,689.0,20445,2214903.241925832
반포본동,서초구,3930.0,1564,0.0,200.0,63.8,644,241.0,13529,804508.7160848674
반포1동,서초구,7849.0,4636,0.0,518.0,49.1,1524,647.0,34318,2014739.2447094026
반포2동,서초구,6769.0,2788,0.0,256.0,49.8,405,365.0,16274,1359538.526548191
반포3동,서초구,6554.0,3250,0.0,391.0,48.6,882,452.0,19106,1452241.0707135734
반포4동,서초구,5359.0,3045,0.0,295.0,54.4,3325,392.0,14643,1251187.982600417
방배본동,서초구,5534.0,3395,0.0,349.0,65.1,1585,517.0,33340,1330909.7996735878
방배1동,서초구,4127.0,2921,0.0,301.0,87.7,1602,490.0,24827,1021209.8039804151
방배4동,서초구,6026.0,4449,0.0,450.0,73.2,2315,678.0,26712,1552352.7056850125
서초1동,서초구,5970.0,3473,0.0,371.0,72.1,3138,479.0,15411,1283432.3457883762
서초2동,서초구,6993.0,3496,0.0,310.0,60.7,4131,463.0,19180,1414721.434871702
서초3동,서초구,8696.0,4984,0.0,565.0,95.1,6695,707.0,10655,1865609.0649650919
서초4동,서초구,9779.0,3665,0.0,362.0,48.7,2658,475.0,35091,1837039.610816937
방배2동,서초구,6364.0,5900,0.0,527.0,95.5,1880,961.0,14430,1653175.6133738325
방배3동,서초구,7561.0,4442,0.0,485.0,93.8,1124,641.0,10802,1556264.7056306102
양재1동,서초구,6971.0,5980,0.0,604.0,67.7,3070,1390.0,5548,1791755.2478103181
양재2동,서초구,4409.0,4906,0.0,410.0,62.9,4942,710.0,3085,1391545.7988303564
내곡동,서초구,1618.0,865,0.0,235.0,173.5,451,405.0,465,353502.5405385801
금호1가동,중구,3306.0,3978,0.0,424.0,95.6,596,746.0,34972,444576.3799103953
금호2.3가동,중구,4216.0,4814,0.0,543.0,99.8,939,919.0,36325,562124.459139017
금호4가동,중구,2960.0,3331,0.0,357.0,83.1,626,554.0,17876,404616.61522628396
옥수동,중구,5364.0,4573,0.0,511.0,93.4,710,637.0,10298,603290.9703201089
응봉동,중구,3880.0,3841,0.0,323.0,71.4,376,573.0,30840,483932.7713460165
성수1가1동,중구,3512.0,4061,0.0,364.0,68.7,1300,695.0,9388,517063.44789948704
성수1가2동,중구,3759.0,4788,0.0,387.0,81.6,1749,682.0,21243,520080.3141419388
성수2가1동,중구,4012.0,4393,0.0,519.0,91.8,2207,894.0,18161,601508.2766313875
성수2가3동,중구,2694.0,2761,0.0,268.0,103.0,4660,467.0,12078,336517.7163171223
왕십리도선동,중구,2930.0,2579,0.0,435.0,142.6,1579,638.0,18264,362161.0793779625
왕십리2동,중구,3445.0,3891,0.0,384.0,85.5,750,728.0,42495,483027.71147328103
행당1동,중구,3960.0,3742,0.0,505.0,101.3,1352,723.0,30727,501046.63075774297
행당2동,중구,5935.0,6282,0.0,434.0,60.8,533,937.0,64360,743109.0076293747
마장동,중구,6038.0,5464,0.0,606.0,88.7,3140,1196.0,24324,715436.116369067
사근동,중구,2272.0,2560,0.0,228.0,151.1,998,471.0,10540,324038.8604960717
송정동,중구,2326.0,2537,0.0,325.0,92.8,716,559.0,18707,354152.6708070904
용답동,중구,3059.0,3766,0.0,482.0,116.5,2019,837.0,7565,490707.0073631583
성북동,성북구,0.0,4056,0.0,674.0,128.0,1040,683.0,14438,185771.84971243367
삼선동,성북구,0.0,5924,0.0,791.0,100.6,1893,1095.0,41253,262300.327916708
동선동,성북구,0.0,3653,0.0,503.0,116.8,1940,623.0,25346,157893.88619216028
돈암2동,성북구,0.0,4665,0.0,356.0,55.9,367,654.0,25405,223248.68164049453
안암동,성북구,0.0,3661,0.0,427.0,124.3,1310,681.0,25195,173735.76862298144
보문동,성북구,0.0,2984,0.0,454.0,130.4,1244,623.0,29433,139492.93044559116
정릉1동,성북구,0.0,4518,0.0,430.0,78.2,808,744.0,43040,196223.74255880387
정릉2동,성북구,0.0,4985,0.0,603.0,89.0,901,940.0,18508,232800.68057363448
정릉3동,성북구,0.0,3345,0.0,725.0,138.4,694,844.0,33039,176801.03226492138
정릉4동,성북구,0.0,6147,0.0,696.0,79.6,837,1022.0,64025,265871.7818848399
길음1동,성북구,0.0,8383,0.0,480.0,44.7,1116,1104.0,31961,351221.09521775483
돈암1동,성북구,3635.0,4001,0.0,390.0,92.0,365,629.0,5841,158165.72914511518
길음2동,성북구,3941.0,4605,0.0,700.0,105.6,1100,994.0,5698,196908.03688865586
종암동,성북구,8755.0,10497,0.0,1079.0,77.7,2104,1639.0,67517,411607.7263534647
월곡1동,성북구,5323.0,7472,0.0,690.0,71.1,1440,1295.0,9372,275358.1635534736
월곡2동,성북구,4396.0,5159,0.0,500.0,94.5,1517,987.0,27680,205653.88085786067
장위1동,성북구,4530.0,5417,0.0,634.0,100.0,1164,1175.0,45274,250864.1761027425
장위2동,성북구,4479.0,4646,0.0,632.0,114.2,1657,1036.0,15684,218739.83817941466
장위3동,성북구,3862.0,4085,0.0,564.0,106.7,1233,946.0,23827,183634.60166851227
석관동,성북구,7449.0,8658,0.0,1071.0,107.1,2331,1793.0,22096,364138.3224305782
풍납1동,송파구,3646.0,4288,0.0,457.0,94.1,813,779.0,25940,551384.6012455238
풍납2동,송파구,6010.0,6429,0.0,119.0,58.1,1210,888.0,18133,782699.1390240934
방이1동,송파구,4038.0,3357,0.0,231.0,57.5,1290,488.0,34922,474010.06365817203
방이2동,송파구,4461.0,5551,0.0,468.0,77.0,2849,880.0,32753,702438.9006623093
오륜동,송파구,6694.0,2858,0.0,203.0,45.7,521,355.0,6433,552139.7378967771
송파1동,송파구,5093.0,5995,0.0,463.0,69.6,2467,739.0,35285,747396.5005779995
송파2동,송파구,5562.0,4284,0.0,330.0,55.6,893,603.0,43266,599875.161922435
잠실4동,송파구,9000.0,5865,0.0,361.0,46.8,473,713.0,20199,856136.1783584814
잠실6동,송파구,5030.0,2656,0.0,523.0,70.3,1971,374.0,6248,472041.31453169
거여1동,송파구,3825.0,3139,0.0,294.0,62.2,788,633.0,24006,435309.3102814379
거여2동,송파구,6242.0,5798,0.0,704.0,65.6,1243,1294.0,16839,774122.9441991447
마천1동,송파구,4843.0,5003,0.0,623.0,78.4,923,1207.0,44611,663926.9314483886
마천2동,송파구,4678.0,4670,0.0,582.0,93.4,1365,1137.0,24423,616676.952412822
오금동,송파구,9364.0,7580,0.0,726.0,71.7,3211,1263.0,23483,1052876.2451760944
가락본동,송파구,6670.0,6086,0.0,484.0,60.5,3451,818.0,26527,809398.6134791225
가락2동,송파구,8728.0,7299,0.0,419.0,42.5,1871,940.0,37776,978225.593366478
문정1동,송파구,5700.0,4467,0.0,319.0,62.3,1425,634.0,40627,616299.3840871954
장지동,송파구,7275.0,8381,0.0,592.0,48.1,1465,1572.0,14475,1011829.1743472515
석촌동,송파구,5435.0,8438,0.0,550.0,68.9,2801,1119.0,37958,962664.3845174357
삼전동,송파구,5297.0,8252,0.0,529.0,59.3,2035,1016.0,37135,950420.383100685
가락1동,송파구,2813.0,3629,0.0,199.0,124.1,3432,254.0,4919,416457.8631662205
문정2동,송파구,5674.0,2492,0.0,293.0,110.2,2044,373.0,7252,433556.3144838857
잠실본동,송파구,5126.0,6781,0.0,550.0,72.7,3150,902.0,33357,843946.1152739631
잠실2동,송파구,8691.0,7032,0.0,256.0,27.0,713,640.0,17019,1004223.8695024856
잠실3동,송파구,11403.0,6574,0.0,199.0,55.4,1167,783.0,25157,1016359.9942547716
잠실7동,송파구,3977.0,1496,0.0,453.0,92.3,200,211.0,17990,292345.76069950976
목1동,양천구,7690.0,6804,0.0,331.0,33.6,2543,726.0,23631,363576.0736805997
목2동,양천구,6045.0,7375,0.0,575.0,67.3,1174,1020.0,31022,346448.5952424857
목3동,양천구,4620.0,5213,0.0,572.0,80.6,1241,920.0,43830,254066.6474970209
목4동,양천구,5086.0,6133,0.0,414.0,48.8,1365,910.0,50460,314441.82355122245
목5동,양천구,12059.0,8850,0.0,521.0,34.5,1452,781.0,47639,498586.6535564372
신정1동,양천구,4904.0,4346,0.0,294.0,45.9,1131,508.0,17229,236928.30826091176
신정2동,양천구,4612.0,5179,0.0,357.0,53.8,1121,794.0,32334,248299.56376167625
신정6동,양천구,6726.0,5842,0.0,266.0,36.0,693,537.0,9969,296217.4045156135
신정7동,양천구,7470.0,7544,0.0,714.0,71.8,1010,1388.0,32909,364097.3919843597
신월1동,양천구,4590.0,4593,0.0,599.0,84.0,1815,1280.0,13928,276135.78902285965
신월2동,양천구,4640.0,3806,0.0,398.0,75.7,1104,972.0,32483,224253.75700074754
신월3동,양천구,3213.0,3175,0.0,548.0,95.7,986,933.0,29498,202314.9450508487
신월4동,양천구,4398.0,3944,0.0,337.0,60.2,1130,849.0,22143,208820.56304985337
신월5동,양천구,3177.0,3202,0.0,318.0,70.1,1005,748.0,31496,176542.27140871517
신월6동,양천구,2883.0,2409,0.0,312.0,91.4,1591,582.0,18886,145969.12505279187
신월7동,양천구,5309.0,5039,0.0,541.0,77.7,1400,1116.0,61488,277504.2495702296
신정3동,양천구,11516.0,11818,0.0,1018.0,51.7,1954,2382.0,112238,632760.9519866598
신정4동,양천구,7553.0,7929,0.0,746.0,87.4,3035,1660.0,31090,410527.3034129822
영등포본동,영등포구,5160.0,6096,0.0,682.0,85.3,1137,825.5,27475,1641396.9388537598
영등포동,영등포구,3963.0,4017,0.0,920.0,159.6,6215,825.5,16509,1198918.9869554078
당산1동,영등포구,4509.0,5406,0.0,567.0,106.3,3146,825.5,28328,1247498.2939723094
당산2동,영등포구,8088.0,8391,0.0,503.0,74.8,2152,825.5,22217,1978877.2130418469
도림동,영등포구,3439.0,4523,0.0,540.0,114.7,979,825.5,24540,1284290.3957530723
문래동,영등포구,7443.0,8425,0.0,621.0,61.9,4956,825.5,21985,1882691.32953724
양평1동,영등포구,3403.0,4576,0.0,407.0,77.3,3293,825.5,20064,1014901.2586086987
양평2동,영등포구,4493.0,5655,0.0,333.0,54.6,1896,825.5,7505,1289268.48728484
신길3동,영등포구,3469.0,3872,0.0,497.0,95.5,1049,825.5,37054,1049118.4854592374
여의동,영등포구,10603.0,6029,0.0,726.0,95.4,7544,825.5,4091,1979106.0908134226
신길1동,영등포구,3876.0,5144,0.0,710.0,131.8,1222,825.5,36080,1443017.1303406875
신길4동,영등포구,2523.0,3217,0.0,453.0,122.9,610,825.5,39846,816292.5723240513
신길5동,영등포구,3129.0,3987,0.0,510.0,114.5,665,825.5,41974,1213509.9448933464
신길6동,영등포구,4555.0,5941,0.0,635.0,95.1,1191,825.5,36457,1454346.5800336753
신길7동,영등포구,3602.0,3522,0.0,278.0,63.9,631,825.5,24788,935366.2329862096
대림1동,영등포구,2956.0,4165,0.0,503.0,117.2,1214,825.5,40812,1223065.5918566238
대림2동,영등포구,2972.0,4496,0.0,592.0,118.9,1358,825.5,46213,1498634.4288335359
대림3동,영등포구,5335.0,7647,0.0,550.0,82.9,2899,825.5,31881,1860432.966251521
후암동,용산구,3551.0,4477,0.0,728.0,106.4,802,934.0,23736,713325.1093763305
용산2가동,용산구,2529.0,2759,0.0,476.0,123.9,484,581.0,7046,487384.2496536029
남영동,용산구,1315.0,1643,0.0,577.0,250.7,1466,571.0,6902,285916.00784134626
청파동,용산구,3918.0,5265,0.0,434.0,118.8,1813,926.0,26316,844512.1287668264
원효로1동,용산구,2593.0,2955,0.0,762.0,89.3,1695,463.0,21759,442402.8885646389
원효로2동,용산구,3541.0,3502,0.0,705.0,85.6,1173,548.0,22434,549427.5063280361
효창동,용산구,2462.0,2545,0.0,346.0,93.5,499,409.0,26020,396835.5633848607
용문동,용산구,2887.0,3116,0.0,371.0,87.5,666,482.0,46879,463463.1273580159
한강로동,용산구,4101.0,2497,0.0,430.0,148.8,5172,642.0,5706,569281.3484638546
이촌1동,용산구,8149.0,3687,0.0,258.0,62.6,815,552.0,9932,979766.4283170907
이촌2동,용산구,2629.0,2361,0.0,297.0,121.9,345,410.0,8498,362746.2406898528
이태원1동,용산구,1858.0,1330,0.0,660.0,161.8,1625,306.0,17511,354094.6532313623
이태원2동,용산구,2410.0,2272,0.0,583.0,152.6,557,451.0,13812,408175.69196590985
한남동,용산구,4764.0,4023,0.0,614.0,123.3,1703,798.0,8496,900661.2760571884
서빙고동,용산구,4178.0,1958,0.0,366.0,88.9,383,422.0,5163,504480.61371500226
보광동,용산구,3497.0,3349,0.0,327.0,134.3,806,730.0,25861,643216.229334221
녹번동,은평구,5604.0,6682,0.0,1093.0,112.9,1500,1404.0,18692,207415.497264045
응암1동,은평구,4970.0,6237,0.0,861.0,79.4,2115,1350.0,26901,198048.70101865366
응암2동,은평구,3749.0,4269,0.0,725.0,85.3,804,1088.0,33756,147764.11686393767
응암3동,은평구,4272.0,5065,0.0,935.0,121.9,1892,1270.0,44283,170199.15398467547
증산동,은평구,3876.0,4482,0.0,515.0,95.2,1127,886.0,26362,131269.74542202082
수색동,은평구,3931.0,4085,0.0,697.0,119.6,859,1011.0,15290,124117.69786430534
신사1동,은평구,4699.0,5979,0.0,544.0,85.6,1208,1161.0,33724,173050.18406328573
신사2동,은평구,3810.0,4741,0.0,536.0,80.3,858,954.0,23224,143842.4209832742
갈현2동,은평구,6120.0,0,5596.0,596.0,81.5,1535,1055.0,30107,174934.55587489938
구산동,은평구,7315.0,0,6225.0,677.0,94.3,1153,2409.0,24813,209189.7434503046
갈현1동,은평구,5398.0,0,5524.0,755.0,104.6,1513,1104.0,27308,163769.04108205874
진관동,은평구,11096.0,0,10704.0,576.0,49.0,885,1819.0,4313,293289.01267900976
불광1동,은평구,9228.0,0,9430.0,1108.0,91.0,1611,1583.0,13477,258324.1266291007
불광2동,은평구,6442.0,0,6094.0,1102.0,128.9,1330,1461.0,22148,188798.14848891407
대조동,은평구,6268.0,0,6560.0,949.0,106.5,2559,1332.0,37751,194622.5704520835
역촌동,은평구,8958.0,0,10107.0,1047.0,82.1,2376,2018.0,42502,299443.81151824136
청운효자동,종로구,3355.0,3712,0.0,455.0,94.9,794,630.0,5922,2177813.8002330763
사직동,종로구,2806.0,2119,0.0,378.0,136.3,3437,358.0,8518,1498283.721168098
삼청동,종로구,902.0,755,0.0,175.0,173.0,611,134.0,2339,500325.818698166
부암동,종로구,2624.0,2539,0.0,314.0,123.2,502,367.0,5056,1637790.8352511232
평창동,종로구,5596.0,3746,0.0,486.0,115.5,636,611.0,2234,2843166.327053845
무악동,종로구,1995.0,2106,0.0,238.0,88.2,610,326.0,23883,1222672.1055406583
교남동,종로구,1654.0,2085,0.0,386.0,152.4,550,426.0,23834,1302491.72467556
가회동,종로구,1306.0,1336,0.0,205.0,141.9,547,204.0,10222,804008.9877691411
종로1.2.3.4가동,종로구,1794.0,1618,0.0,757.0,318.5,15825,436.0,3807,1307170.316916149
종로5·6가동,종로구,1186.0,1412,0.0,331.0,193.4,7492,825.5,10730,924376.4063224829
이화동,종로구,1613.0,2448,0.0,286.0,126.2,1077,346.0,12206,1380042.9354513877
혜화동,종로구,2705.0,3227,0.0,519.0,125.3,1670,631.0,17895,1833724.6072661032
창신1동,종로구,1095.0,1719,0.0,376.0,164.1,2257,350.0,24739,1163126.3861149768
창신2동,종로구,1572.0,3225,0.0,394.0,135.2,860,588.0,46092,1728243.6185691818
창신3동,종로구,1507.0,2308,0.0,198.0,88.5,274,366.0,36965,1215725.104940995
숭인1동,종로구,1247.0,1864,0.0,255.0,107.5,530,314.0,33443,1132644.6487899257
숭인2동,종로구,1599.0,2319,0.0,501.0,184.6,1814,508.0,27314,1356508.1987259993
소공동,중구,273.0,309,0.0,171.0,88.9,3688,47.0,1857,551737.1531862488
회현동,중구,1321.0,1027,0.0,212.0,278.9,9676,391.0,7835,2125886.1854766333
명동,중구,756.0,730,0.0,323.0,244.2,7194,142.0,4155,1303727.338161932
필동,중구,1011.0,1042,0.0,54.0,177.1,3261,196.0,4376,1668988.86814586
장충동,중구,1100.0,1317,0.0,190.0,140.3,864,228.0,4551,1980742.788035651
광희동,중구,1351.0,1090,0.0,468.0,220.2,10151,272.0,8730,2139343.1892128843
을지로동,중구,483.0,319,0.0,448.0,345.8,9689,118.0,3457,686627.5953996117
신당1동,중구,1506.0,1702,0.0,402.0,153.3,11868,427.0,16955,3157910.2101066606
신당2동,중구,3061.0,3865,0.0,210.0,121.2,1175,733.0,32841,5434066.270638085
신당3동,중구,4391.0,4553,0.0,362.0,113.1,821,955.0,40913,6306208.274687427
신당4동,중구,3577.0,3775,0.0,478.0,102.5,703,684.0,47118,5142497.856352668
신당5동,중구,1867.0,2418,0.0,665.0,107.8,1064,511.0,27418,3349512.3109227917
신당6동,중구,2622.0,2653,0.0,506.0,86.6,882,448.0,46358,3783020.074140558
황학동,중구,2450.0,2743,0.0,365.0,118.2,1985,587.0,39667,4285414.880293891
중림동,중구,2495.0,2972,0.0,244.0,139.6,1286,557.0,23060,4133863.385835648
면목본동,중랑구,3478.0,6225,0.0,935.0,99.2,2421,1794.0,36723,315203.02899967716
면목2동,중랑구,2695.0,4577,0.0,717.0,86.4,2027,1326.0,38910,242394.0537609761
면목3.8동,중랑구,2735.0,5191,0.0,821.0,111.6,2986,1357.0,17706,251596.01912182296
면목4동,중랑구,2283.0,3880,0.0,692.0,94.9,1065,1388.0,20391,195636.30465800595
면목5동,중랑구,1234.0,2542,0.0,363.0,93.6,1040,715.0,22511,122516.39542994279
면목7동,중랑구,2437.0,4537,0.0,605.0,99.1,1469,1102.0,29744,220485.8129429597
상봉2동,중랑구,2236.0,3190,0.0,601.0,132.6,2188,913.0,27585,159475.52205734438
망우3동,중랑구,2007.0,3004,0.0,527.0,95.5,1091,925.0,19596,164879.0505751751
상봉1동,중랑구,4512.0,4858,0.0,500.0,68.5,962,1430.0,30384,219200.0588788413
중화1동,중랑구,3902.0,4338,0.0,429.0,79.5,1088,913.0,32040,185425.90473706613
중화2동,중랑구,4909.0,5468,0.0,1121.0,136.1,2295,1651.0,31638,264730.8792670319
묵1동,중랑구,6999.0,6981,0.0,643.0,80.3,1478,1419.0,30216,303589.2243159416
묵2동,중랑구,3577.0,3795,0.0,551.0,97.4,1774,955.0,28953,170685.95291704286
망우본동,중랑구,6801.0,5666,0.0,1099.0,103.6,2787,1826.0,12150,290059.3939680297
신내1동,중랑구,6547.0,6560,0.0,438.0,72.9,1528,1384.0,12727,272336.1565743985
신내2동,중랑구,4821.0,5452,0.0,546.0,67.3,1090,1465.0,25435,214519.24179574387
